1,Preston,Gye,pgye0@google.com,Bigender,PL38 0462 5893 3715 8610 7657 0112,AZN,87.93
2,Florella,Sans,fsans1@facebook.com,Female,GE92 MW84 1193 0803 5017 71,AED,14.9
3,Trudi,Berceros,tberceros2@hc360.com,Genderfluid,BH56 ZQPE KMTY NLIM ZYQ8 7K,EUR,29.54
4,Ted,Ellaway,tellaway3@zdnet.com,Non-binary,FI39 2054 9248 8576 84,ARS,16.19
5,Dick,Hanning,dhanning4@senate.gov,Bigender,PS86 DBYD DI83 CBHF XIOO YVO1 6VQ7 A,XOF,42.67
6,Reider,Keech,rkeech5@oakley.com,Male,GT42 3JK9 Q3LB A9YS NICV BA5N JSFN,SEK,11.77
7,Collen,Gittins,cgittins6@altervista.org,Male,FR47 7672 2235 00D8 VDJV A6S5 K20,IDR,18.35
8,Frederica,Sugg,fsugg7@joomla.org,Agender,HR79 6418 8040 4520 5331 8,CNY,18.47
9,Silvanus,Bugdale,sbugdale8@ow.ly,Genderfluid,AT39 3535 4033 9757 1153,EUR,93.94
10,Geoffrey,Davys,gdavys9@w3.org,Agender,LI16 9398 2TGC 1KTN TQ5C 1,LKR,64.06
11,Kylila,Radbone,kradbonea@webeden.co.uk,Non-binary,SM59 Z133 3097 279K SVMF 81EQ OML,RUB,36.85
12,Grantham,De Caroli,gdecarolib@ifeng.com,Genderfluid,MD80 I4HJ 5EZ8 X586 5EVX B5IM,PHP,9.32
13,Hugibert,Naisbit,hnaisbitc@pen.io,Polygender,TN16 7832 5520 4009 6593 2731,CNY,10.67
14,Loleta,Hawtrey,lhawtreyd@ning.com,Genderfluid,PT08 2083 0667 1403 9578 9778 2,AZN,68.31
15,Sheffield,Ellams,sellamse@reverbnation.com,Polygender,IL37 2450 6866 0114 2733 143,CNY,70.44
16,Moise,Merriday,mmerridayf@reuters.com,Bigender,GI29 PNRH JUPR S22H 6NZA OUV,XAF,0.77
17,Gustie,Mallebone,gmalleboneg@howstuffworks.com,Polygender,CH92 2406 4ZVI ZLTR QZEX Y,EGP,72.65
18,Dael,Rowswell,drowswellh@businessinsider.com,Female,MT45 DZYP 9710 5ISI RCYX LCIG 2D6C VGX,IDR,98.73
19,Miguel,Fretter,mfretteri@sogou.com,Polygender,BE61 5043 9044 9157,BRL,35.85
20,Katusha,Ailward,kailwardj@nba.com,Non-binary,GL38 1305 7393 6749 89,ALL,73.59
21,Arie,Fines,afinesk@zimbio.com,Bigender,MR37 2300 3717 7137 3788 7753 818,COP,92.47
22,Rogers,Hassan,rhassanl@stumbleupon.com,Polygender,PS43 ZYKK VL0O IVRV MOFG VPLU GBZO 2,CNY,67.15
23,Shadow,Colyer,scolyerm@ezinearticles.com,Male,NO55 5890 9020 162,RUB,70.83
24,Broderic,Skipper,,Female,AZ27 ATKW 96GJ MC5H TJRE PZAY MYZK,IDR,67.25
25,Fionnula,Gibbs,fgibbso@t-online.de,Non-binary,GT79 FGZZ XYU9 X4I8 LVYE K9WX 2VAD,CAD,95.84
26,Ezmeralda,Fassan,efassanp@mtv.com,Genderfluid,CY84 8550 3989 CFRH OAYW KNLB 2ZXG,BRL,97.52
27,Dex,Sesser,dsesserq@fema.gov,Male,MC81 2261 5301 30E2 P7U9 TESF M69,RUB,14.09
28,Ximenes,McQuillen,xmcquillenr@ustream.tv,Female,AZ53 OGPC RMBX OHSH IJW8 MVTT TSQW,CRC,29.03
29,Dorey,Dilrew,ddilrews@wufoo.com,Male,AD34 8966 8183 BPLW 5NFB RICZ,SEK,51.05
30,Mommy,Wisby,mwisbyt@yale.edu,Genderfluid,GI15 NLQB 4IUX 9GFN IIJO 0NX,CZK,9.88
31,Sylvester,Dregan,sdreganu@cocolog-nifty.com,Agender,CZ64 5422 6833 0167 7738 7333,EGP,64.01
32,Mellie,Phelipeaux,mphelipeauxv@twitpic.com,Genderqueer,AD17 9913 1570 O20I MHXA 8K2R,PEN,19.61
33,Shay,Cogdon,scogdonw@illinois.edu,Genderqueer,FR41 9107 9686 56VK AQ3N VFZG 821,COP,16.69
34,Dewain,Tatum,dtatumx@va.gov,Genderqueer,FR21 4622 6154 55XN QVEU M8WT 409,USD,30.03
35,Stevy,Walsh,swalshy@sfgate.com,Genderfluid,IT15 L032 1260 791T A4UT VBDB S8W,KES,56.89
36,Kippie,Pollins,kpollinsz@flavors.me,Bigender,FR72 8760 3632 59TQ ZGYC 0TY2 B34,RUB,83.73
37,Eleanore,Goublier,egoublier10@github.io,Genderfluid,FR80 7974 0375 30WY ZFCK W2YG Y46,ARS,57.38
38,Deeyn,Lawlie,dlawlie11@so-net.ne.jp,Genderqueer,CZ72 3793 6426 2249 0207 5364,CAD,51.52
39,Abbe,Kersaw,akersaw12@webeden.co.uk,Male,PL76 2930 2924 0971 6428 8903 4206,CNY,62.24
40,Trixi,MacIlhargy,tmacilhargy13@zdnet.com,Non-binary,NL69 RDAZ 6205 1955 44,CNY,81.34
41,Ernesta,Sillars,esillars14@storify.com,Polygender,FI27 8116 8623 3585 17,NIO,67.38
42,Bret,Easeman,beaseman15@xinhuanet.com,Agender,GB71 RSWE 0312 2050 3453 03,EUR,21.17
43,Ax,Ethridge,aethridge16@mayoclinic.com,Agender,CZ79 4775 7679 2171 7395 2198,USD,49.44
44,Niels,Landor,,Bigender,BH46 QEZS 0QQ2 VZLD LNKF GO,USD,62.73
45,Margarita,Smellie,msmellie18@newsvine.com,Female,TN18 5332 5017 8267 1456 3878,RUB,33.59
46,Gerik,Pirrie,gpirrie19@weibo.com,Genderqueer,FR42 7726 8579 00OV VVP6 ZOT1 Y08,RUB,37.01
47,Tiebold,Gerardet,tgerardet1a@europa.eu,Male,IT78 L296 6727 5850 TL6U GR5I AOM,EUR,98.24
48,Garik,Caddock,gcaddock1b@bigcartel.com,Genderfluid,BG05 RTLB 8949 67YS YYEN YW,MYR,81.9
49,Damiano,Hallt,,Non-binary,FI77 4166 2390 4839 42,SEK,0.91
50,Lorri,Road,,Genderqueer,IT26 I309 8838 7797 ALE9 CSXR XKR,USD,95.56
51,Uriel,Norridge,unorridge1e@issuu.com,Genderfluid,AZ75 XFJA LTK7 2RCI ZZRV RWIY SO3I,CNY,83.48
52,Gwyneth,Hayle,ghayle1f@yelp.com,Genderfluid,TR52 4920 1SBZ QQKG CYEC SMPA YC,MYR,34.53
53,Olga,Mosconi,omosconi1g@umn.edu,Genderfluid,RS97 3537 0810 1692 4527 74,EUR,99.63
54,Garrett,Grzegorzewski,,Bigender,FR11 2377 4024 13JQ FGTW FWVC T31,RUB,10.8
55,Salomo,Bachellier,sbachellier1i@joomla.org,Genderqueer,DO13 G0PE 8740 4557 5567 0547 6321,CNY,78.02
56,Haslett,Sloper,hsloper1j@chronoengine.com,Non-binary,SI92 5625 8055 2950 861,EUR,87.17
57,Inigo,Wooding,iwooding1k@amazonaws.com,Bigender,FR38 0099 7413 20DP TBJS TTCW S07,PLN,72.4
58,Valida,Benardet,vbenardet1l@friendfeed.com,Genderqueer,PK37 NHZQ ETZV K7BS GZVT JKW9,COP,37.95
59,Milly,Heigho,mheigho1m@twitter.com,Female,ME59 5318 0905 2922 8168 84,IDR,10.31
60,Genevieve,McGirr,gmcgirr1n@nsw.gov.au,Genderqueer,IS08 2699 8378 4377 2451 7573 45,CNY,92.6
61,Rafi,Budding,rbudding1o@xrea.com,Genderqueer,GT57 OTZ4 DNGG OD5T V0UU ZFEB OGAU,GHS,66.75
62,Pepillo,Kollas,pkollas1p@salon.com,Male,BG43 FHIB 6164 43X7 TBOZ ZA,EUR,57.62
63,Sandie,Kirvin,skirvin1q@chron.com,Polygender,FR98 4301 0501 03PN 29M2 DIER T45,USD,31.97
64,Palm,Dunning,pdunning1r@networkadvertising.org,Male,ME78 3362 1098 5185 2926 78,CNY,0.48
65,Emelen,Donaway,edonaway1s@wunderground.com,Female,LI43 6924 7VHY XWTH UZIU D,ARS,37.46
66,Micaela,Bexley,mbexley1t@123-reg.co.uk,Genderqueer,FR12 8141 7583 70W3 R75X Q2OM 961,USD,34.03
67,Pollyanna,Taillard,ptaillard1u@mysql.com,Polygender,FR54 2925 5756 92YI SDKK HJMQ V74,EUR,64.68
68,Neala,Richardsson,nrichardsson1v@sfgate.com,Genderqueer,FR17 0792 4263 6986 OW1N Y9O5 F22,CNY,92.16
69,Noemi,Tamburi,ntamburi1w@sfgate.com,Non-binary,AT62 2939 1921 6184 1841,PEN,1.79
70,Regen,Dresse,rdresse1x@live.com,Agender,GB53 IFOR 9141 3493 9900 99,TZS,31.31
71,Traci,Rosbrough,trosbrough1y@google.fr,Genderfluid,PT60 9534 0450 2592 2889 0461 2,CNY,51.67
72,Howard,Kuzma,hkuzma1z@artisteer.com,Genderqueer,MC51 8215 3148 49MR OO5N JB3Y D00,PHP,77.18
73,Derek,Gerbl,dgerbl20@plala.or.jp,Female,IE80 SQPM 5442 1967 0314 27,SEK,90.32
74,Aldon,Jevons,ajevons21@fotki.com,Agender,NO10 4836 1579 696,IDR,20.91
75,Tasia,Childes,tchildes22@joomla.org,Bigender,BE15 7019 5965 4613,BRL,99.66
76,Austina,Escoffrey,aescoffrey23@ox.ac.uk,Male,SA48 07QK NT7E MUC4 PFTW WHRH,CNY,38.34
77,Salomi,Wrist,swrist24@webmd.com,Genderfluid,EE04 8973 2005 2343 9830,KPW,89.38
78,Fred,Matyasik,fmatyasik25@etsy.com,Genderfluid,AZ92 RXFV 6ZID OAEX 16KY 83NP XFZM,NOK,3.21
79,Thorsten,Bottelstone,,Bigender,BR35 6702 4465 7607 2302 2897 380T 5,CNY,27.91
80,Wileen,Steinham,wsteinham27@indiegogo.com,Bigender,FI42 4544 1581 8721 10,BRL,66.39
81,Tedd,Apark,tapark28@odnoklassniki.ru,Female,FR95 6902 8528 49YM IKND RKJX G90,EUR,14.72
82,Nessy,Kilborn,nkilborn29@edublogs.org,Non-binary,BH75 ANWX ANXF BM2R LOPN HZ,HRK,68.55
83,Tommy,Shave,tshave2a@friendfeed.com,Genderqueer,IL66 9739 2376 1571 8789 047,IDR,67.87
84,Jan,Le Marchand,jlemarchand2b@answers.com,Bigender,FR73 0310 7175 89UF ZPPF 7JPI J23,CNY,9.83
85,Noak,Martynov,nmartynov2c@networksolutions.com,Genderfluid,DE65 0439 3031 2440 6913 63,CNY,53.98
86,Dani,Bodicum,,Female,CH07 9622 6TO6 NHAR S4WQ 0,MYR,99.39
87,Kathleen,Yeoland,,Female,RO49 UTRA 9LGO HMK7 BRGN C3KF,SAR,59.36
88,Rycca,Skelhorn,rskelhorn2f@salon.com,Female,ME21 2945 0889 8605 2906 45,PEN,98.0
89,Carlo,Farnell,cfarnell2g@issuu.com,Polygender,GI92 NLXE GUAZ NYMY 5OEP VDR,RUB,63.51
90,Gardner,Zettler,gzettler2h@freewebs.com,Non-binary,FR10 8437 7922 01QQ D4NA KOTF H52,IDR,79.01
91,Adam,Lubomirski,alubomirski2i@yale.edu,Bigender,SM63 G677 6888 8042 NXSC YJ7O H8L,EUR,12.42
92,Iosep,D'Aguanno,idaguanno2j@harvard.edu,Bigender,SE88 2040 9702 7141 7411 0546,CNY,39.21
93,Earle,Dashkov,edashkov2k@devhub.com,Bigender,KW88 XVDU WESU LA1O LJPE JN6H KPAQ VQ,THB,41.37
94,Florenza,Younglove,fyounglove2l@foxnews.com,Female,FR06 8360 2009 00SP ZZ2M 3JCL O02,RUB,85.75
95,Micki,Wheble,mwheble2m@dell.com,Polygender,ES86 1184 2422 4287 1092 1633,EUR,56.08
96,Hoyt,Petrelli,hpetrelli2n@jigsy.com,Genderfluid,BE81 9473 9433 7791,HRK,90.23
97,Carolyn,Atcherley,catcherley2o@vk.com,Genderfluid,BR45 8388 3140 8321 8482 5749 780Y T,RUB,75.43
98,Corrina,Swyndley,cswyndley2p@google.co.jp,Polygender,IT07 H448 2870 191B BIYU Z38B YZF,ZWL,23.75
99,Carilyn,Mapother,cmapother2q@php.net,Bigender,RO67 LTIG SGWX EQ6K GR3P HXTL,CNY,79.63
100,Mariejeanne,Ascroft,mascroft2r@acquirethisname.com,Polygender,ME03 5505 2641 9885 3676 88,IDR,19.05
101,Candace,Bohlje,,Agender,FR14 9076 3352 29VJ 19XU TWNO E69,COP,29.69
102,Russell,Cheeney,rcheeney2t@yandex.ru,Bigender,LT85 9997 8454 5181 8135,CNY,34.38
103,Xever,Jeremiah,xjeremiah2u@forbes.com,Agender,GT84 KMFN E3S5 RTCB ITL5 QQ5L BICM,BRL,0.32
104,Aubert,GiacobbiniJacob,,Genderfluid,PL29 0415 0507 8743 4887 1059 8548,EUR,43.79
105,Marquita,Addlestone,maddlestone2w@google.com.br,Female,MR64 2830 4455 3381 9481 8394 682,CNY,58.26
106,Andrey,Sissot,asissot2x@marriott.com,Genderqueer,MR75 8162 8016 4672 1246 0594 921,GTQ,45.56
107,Nadya,Iddons,niddons2y@msn.com,Genderqueer,BH69 ZJMS VOXB YMRW UVSJ Z9,IDR,83.67
108,Chancey,Sapey,csapey2z@toplist.cz,Non-binary,PS80 BDWZ CACI Z0O9 WSV7 JQ4S CW1X E,BRL,94.99
109,Archy,Purton,apurton30@vistaprint.com,Female,IE14 WFQU 3022 9161 3818 24,IDR,93.04
110,Roman,Selway,rselway31@gravatar.com,Genderfluid,SK61 5652 0156 5339 8973 6989,IDR,5.51
111,Marv,Peasby,,Non-binary,RO25 VZWU NMP7 TKWJ EVDE WRXN,CNY,90.54
112,Teodoor,Lethbridge,,Agender,AE11 4423 3597 5050 0729 598,CNY,87.85
113,Miquela,Nolte,mnolte34@123-reg.co.uk,Female,RS60 5476 0991 3748 3725 25,PHP,48.76
114,Harriott,Gillopp,hgillopp35@bbb.org,Genderqueer,GT59 OLUC LIPU OLUP FJ22 R6O6 NLKL,CAD,70.45
115,Earvin,Mitchel,emitchel36@accuweather.com,Genderfluid,BR25 3044 2132 1389 5274 1710 519O K,IDR,82.19
116,Selie,Berka,,Genderfluid,CR94 6018 0199 3175 6745 6,EUR,40.02
117,Arabelle,Bellinger,abellinger38@ibm.com,Genderqueer,MU78 NPJW 0167 2645 8126 0834 944D QJ,CNY,10.64
118,Allan,Mulrean,amulrean39@meetup.com,Genderfluid,PK48 YYZG 7J0W A52W XP09 XS75,PHP,89.13
119,Bernadene,Cavie,bcavie3a@berkeley.edu,Polygender,PT87 1074 9621 0006 9193 8283 1,RUB,60.55
120,Mile,Vaugham,,Non-binary,BR66 2491 7691 3245 6207 7633 461J U,PLN,52.28
121,Sigismund,Gabbatiss,sgabbatiss3c@hugedomains.com,Non-binary,ES33 0356 7836 2613 1205 1996,SEK,81.93
122,Jillie,Edge,jedge3d@theguardian.com,Polygender,FR23 5128 2667 8257 RHXO B0OW V29,SEK,99.09
123,Mag,Kolakowski,mkolakowski3e@cafepress.com,Non-binary,CH77 6333 894S KS2P IL15 P,SEK,62.75
124,Gussy,Abdy,gabdy3f@adobe.com,Male,FR71 1162 9763 18BU SSPC 1RPK B88,BRL,13.5
125,Danie,Ivanets,divanets3g@tumblr.com,Non-binary,FR28 9194 8714 20JW JTDS MSUJ K24,SEK,10.1
126,Hortense,Kaesmakers,,Bigender,NO11 6444 8373 861,ARS,76.55
127,Florencia,Maxwell,fmaxwell3i@auda.org.au,Polygender,LV02 RXRE CYSL C8T4 6YNJ A,BRL,29.29
128,Sheryl,Jaulmes,sjaulmes3j@meetup.com,Male,MT96 PZEU 2246 5JH7 SPX9 N37X AJU0 L0H,EUR,42.15
129,Neila,Kivelle,nkivelle3k@google.ca,Male,LT49 7055 2769 3397 9684,ARS,59.75
130,Hermy,Neenan,hneenan3l@freewebs.com,Genderqueer,LV74 JYSK KVJM RXZA VCT5 O,JPY,93.99
131,Cherilyn,Ferriman,cferriman3m@ocn.ne.jp,Agender,IL64 1259 3591 9166 8180 279,PLN,51.89
132,Sigismundo,Coiley,scoiley3n@blogs.com,Male,FR80 6838 7963 26BF 3GTZ H39Z 911,VEF,73.46
133,Diahann,Matthesius,dmatthesius3o@com.com,Genderfluid,BR24 5085 1667 1683 1413 1135 269Q 8,CNY,84.01
134,Leopold,Spinola,lspinola3p@joomla.org,Genderfluid,NL27 VCAW 6390 9559 08,PHP,94.25
135,Tades,Rapkins,trapkins3q@mozilla.org,Male,CR60 3413 8107 5649 3620 3,IDR,60.5
136,Laurens,Malcolm,lmalcolm3r@pbs.org,Non-binary,BH82 CURZ LCAC 3M9T JE5S VF,CNY,24.16
137,Wallas,Serrurier,wserrurier3s@sogou.com,Polygender,CH40 7386 3UFM RNMA Y59R F,CNY,45.7
138,Rufe,Sage,rsage3t@illinois.edu,Polygender,GR34 5566 463N MK6J L6ME UMTK 6N1,CNY,82.97
139,Fara,Budgen,,Non-binary,FR92 6705 7289 59PF MFLO QOQI I42,IDR,25.65
140,Rivkah,Stannah,rstannah3v@newsvine.com,Male,LV40 ARYS QA3O GULC GQBW C,YER,23.08
141,Bink,Hayto,bhayto3w@reference.com,Female,IS17 5353 0941 1190 0456 5134 84,DKK,97.93
142,Alfie,Romney,aromney3x@cbslocal.com,Male,AT86 8934 0428 1859 7308,KZT,47.13
143,Salaidh,Brimblecombe,sbrimblecombe3y@360.cn,Agender,BE38 0630 7373 3957,JPY,60.14
144,Hayward,Olver,holver3z@ovh.net,Non-binary,PL27 6376 4706 5773 3819 5240 8276,CNY,39.34
145,Antoinette,Doerren,adoerren40@wsj.com,Non-binary,RO83 LCXV LHH9 BBF2 RUO8 TDCO,IDR,84.04
146,Pembroke,Cavy,,Genderqueer,KW70 IYXL ZZXS OQAO ZC1P 150Y VCY7 Q7,CNY,20.09
147,Saree,Sinyard,ssinyard42@hatena.ne.jp,Genderqueer,PK02 KJTB 4BNZ TGWE C4ZH TOXQ,VND,96.05
148,Guss,Shearwood,,Bigender,AD80 1958 6285 AOSY DUAR NUVN,CNY,38.32
149,Jodi,Mainz,jmainz44@rediff.com,Female,IE34 MSZI 9053 0639 8281 41,CNY,78.7
150,Hertha,Hobbert,hhobbert45@ehow.com,Non-binary,DO84 AOKD 1045 1802 2036 8133 6621,EUR,90.47
151,Shaina,Polfer,spolfer46@liveinternet.ru,Agender,PL69 2353 8790 2042 8197 9467 1833,CNY,10.06
152,Alonzo,Glasscock,aglasscock47@foxnews.com,Male,LI19 7125 5Y1H 14OK MUCI X,RUB,45.79
153,Harwell,Ivanenkov,hivanenkov48@issuu.com,Genderqueer,LU57 070X KLV8 ODWL ZO6M,COP,5.45
154,Zerk,Beeby,zbeeby49@gov.uk,Genderqueer,RO96 ETQG R2G7 DEV4 0HCR J0OS,JPY,28.08
155,Balduin,Koppens,bkoppens4a@csmonitor.com,Male,MC73 9166 0423 14XB H399 VKIW F77,IDR,34.19
156,Ree,Enrrico,renrrico4b@sfgate.com,Agender,LT13 0426 8807 4754 9950,PHP,20.33
157,Beverlie,Glendining,bglendining4c@sourceforge.net,Female,CZ86 5223 4990 5774 4364 9955,EUR,67.53
158,Danyette,Blaszkiewicz,dblaszkiewicz4d@privacy.gov.au,Genderfluid,BG17 LJQG 8451 51NQ 4H2B MA,KES,86.46
159,Gaspard,Joney,gjoney4e@time.com,Polygender,IE21 CALI 4303 5927 1038 39,NGN,61.45
160,Peggie,Humble,phumble4f@sina.com.cn,Polygender,FR91 3033 5325 45NV EE1C OKJ4 W22,COP,76.45
161,Alis,Gavrieli,agavrieli4g@microsoft.com,Genderfluid,FO48 9251 0993 8480 01,CNY,91.0
162,Jodee,Evequot,jevequot4h@columbia.edu,Agender,EE03 9441 6503 9079 6813,JPY,0.52
163,Olenka,Yitzhok,oyitzhok4i@icq.com,Genderfluid,ES22 3070 6075 6115 8808 9976,CAD,77.69
164,Minna,Inchbald,minchbald4j@cnn.com,Genderfluid,SK26 5887 6379 2771 1212 0884,COP,42.32
165,Juliane,Elnough,,Genderqueer,BA19 4574 9554 8548 9777,MAD,32.29
166,Bernadette,Braddock,,Female,PT06 7685 0313 6146 4698 2482 4,IRR,47.01
167,Filippa,Sharplin,fsharplin4m@nifty.com,Bigender,PT75 3572 2052 3839 0263 0058 8,IDR,21.74
168,Cathyleen,Juschka,cjuschka4n@ezinearticles.com,Genderfluid,FR12 4331 2971 14LJ ZK0S QTPF O86,GHS,40.36
169,Rhiamon,Giacopello,rgiacopello4o@webs.com,Male,MD31 D7HB KS9V TD8O ZM5K 8GD3,PLN,14.64
170,Babs,Cutmare,bcutmare4p@nyu.edu,Bigender,GI94 NGTJ Z1CN DWI9 ANHF Z5J,PEN,6.26
171,Rand,Josskovitz,rjosskovitz4q@uol.com.br,Polygender,TN14 5861 0765 1064 0998 3659,GBP,90.52
172,Hale,Checketts,hchecketts4r@hao123.com,Bigender,LB52 7921 UQX8 MXCV G8SD 95LE 6KLH,RSD,86.3
173,Robinet,Boscher,rboscher4s@furl.net,Female,MK34 492T 3DFB 6A6G 553,ARS,93.98
174,Dyanne,Laughlin,,Genderfluid,PT83 5662 3926 2504 1652 4842 2,NZD,33.35
175,Kiri,Readman,kreadman4u@narod.ru,Genderfluid,SI98 2751 6867 3810 847,PHP,91.32
176,Levin,Winning,lwinning4v@ow.ly,Agender,GT44 HG5Z LE9F FVTZ AZRW KOMJ PPC9,CNY,40.65
177,Alyda,Hrinchenko,ahrinchenko4w@symantec.com,Agender,MU60 LGFC 5484 3995 7133 7526 964W JG,ARS,67.36
178,Alisa,Baumaier,abaumaier4x@wp.com,Agender,BR66 1793 5603 7087 6595 2454 856C I,CNY,90.53
179,Lorain,Jills,ljills4y@blogger.com,Polygender,IE73 WCVQ 9178 6262 1123 58,DOP,3.59
180,Judie,Spinello,jspinello4z@hao123.com,Agender,SI11 7285 4675 2960 145,IDR,72.2
181,Hiram,Jandl,hjandl50@cdbaby.com,Polygender,AZ96 ULUH N34K C3DI LS5T XYFK INTK,USD,3.93
182,Kerwin,Escott,kescott51@hostgator.com,Agender,SI33 7304 2375 7194 777,CUP,87.34
183,Antons,Hodges,,Genderfluid,AE32 1663 5135 1951 2480 576,CNY,55.45
184,Lucita,Ruddom,lruddom53@google.it,Agender,FR16 8360 4328 47Q0 ZEM9 C3BN V01,EUR,98.64
185,Madelena,Wagg,mwagg54@example.com,Genderqueer,FR38 0508 4504 45JQ D1UY Q7C9 L09,USD,2.42
186,August,Cappleman,acappleman55@goodreads.com,Polygender,AT91 8227 4269 0365 1555,PLN,31.34
187,Desirae,Greenhill,dgreenhill56@spiegel.de,Genderfluid,HU14 7092 8345 9665 5503 1570 7506,UAH,98.77
188,Harman,Amdohr,hamdohr57@soup.io,Bigender,CH97 2258 1WFH IP1Y A7QY I,SDG,17.52
189,Pavlov,Sawart,psawart58@newyorker.com,Genderfluid,CY42 8895 4653 FCYH E6DC N2T9 CSJR,EUR,15.99
190,Claudia,Bedding,cbedding59@paypal.com,Genderfluid,FR83 3907 3638 71OQ H6MJ R5QS O45,EUR,8.53
191,Chandal,Bisgrove,cbisgrove5a@uol.com.br,Genderqueer,AL82 4155 0335 3BWF ADOO IZ5S QNUX,RUB,71.74
192,Robbie,Comiskey,rcomiskey5b@bigcartel.com,Genderqueer,FR35 4783 2012 998L KOIA ORBU A73,BRL,16.94
193,Ardine,Howsden,ahowsden5c@wikia.com,Polygender,AT26 8397 4317 1513 8911,CNY,42.54
194,Roxie,Schreiner,rschreiner5d@uiuc.edu,Genderfluid,IE66 TBHU 4552 0642 9590 14,ALL,32.48
195,Pietro,Rosenkranc,,Male,LB90 5489 WJJY XE2R ID2K 8B4B M7CV,HRK,80.11
196,Domini,Lansdown,dlansdown5f@yellowpages.com,Polygender,PS36 XDWY GNVB CU0Z CMXD 8F3U 8QCX T,CZK,82.98
197,Cesaro,Reedshaw,creedshaw5g@statcounter.com,Male,CZ26 7007 0048 9811 0549 6670,USD,81.0
198,Humfried,Bartholomew,hbartholomew5h@google.com.hk,Polygender,MK56 672X OKQU SUZD N54,CNY,5.15
199,Gilemette,Everly,geverly5i@blogger.com,Agender,DO03 G3FO 1496 3588 3121 1703 0844,CNY,4.64
200,Florie,Trimbey,ftrimbey5j@shinystat.com,Non-binary,SE39 6858 0077 3490 3781 7284,CNY,37.58
201,Alejandra,Thompson,athompson5k@jalbum.net,Agender,HR38 6970 1070 7622 1123 9,EUR,40.54
202,Lazaro,Tunno,ltunno5l@auda.org.au,Genderfluid,CR95 4297 6338 1530 1569 9,CNY,19.37
203,Leeanne,Fones,lfones5m@google.es,Genderfluid,FR69 4250 4201 45RT P79P MIBA R81,CNY,41.89
204,Fayth,Arbor,farbor5n@facebook.com,Bigender,FO56 3493 4135 7591 12,XAF,64.0
205,Josepha,Ibbott,jibbott5o@bbb.org,Agender,MC39 9828 9508 12TW SDSH NGE0 F78,HTG,18.95
206,Tedie,Lars,,Female,AE58 5347 0760 0097 1921 879,CNY,17.19
207,Dyanna,Hoggins,dhoggins5q@google.com.au,Genderqueer,GR56 4632 684M RGYE OE8X RRH4 LUO,RUB,50.52
208,Carey,Twizell,,Genderqueer,PL07 6658 7476 2901 6148 2935 2690,EUR,5.82
209,Riccardo,Pitrelli,rpitrelli5s@ebay.com,Female,TN67 7028 6853 9892 4994 4969,EUR,20.59
210,Cyrill,Pygott,cpygott5t@dailymail.co.uk,Agender,SM90 G542 3916 370E SM5I Z3OW WAQ,CAD,8.2
211,Ariella,Van Ross,avanross5u@theatlantic.com,Male,FR85 4982 7297 57DV CZQS MTXM C90,JPY,52.5
212,Huberto,O'Cullen,hocullen5v@google.com,Agender,MR02 4476 1738 3896 6191 6293 437,SEK,17.95
213,Fabe,Beeres,fbeeres5w@whitehouse.gov,Non-binary,LT75 9761 5156 8582 1922,EUR,48.91
214,Ashlie,Ben,aben5x@chronoengine.com,Agender,BA19 6139 8284 1431 1741,NPR,28.37
215,Frankie,Basler,fbasler5y@live.com,Genderqueer,FR81 9570 8377 230I D2DP A9KS 016,PLN,75.74
216,Francklin,Wallas,fwallas5z@w3.org,Bigender,CR77 7528 0779 1724 4889 4,CNY,75.0
217,Corrianne,Basterfield,,Bigender,HU44 2648 2524 7840 3628 7252 5253,CNY,53.51
218,Belicia,Tomasi,btomasi61@merriam-webster.com,Genderfluid,FR27 6849 7123 259T U2HE DVUI M10,MYR,38.01
219,Viviyan,Balfre,,Polygender,CR92 9184 9608 6874 4996 9,IDR,97.62
220,Theodosia,Ashe,tashe63@indiegogo.com,Female,PS10 IGAP JOFI 4AVQ QEBY MJXG HORH E,PEN,40.16
221,Yolanthe,Duck,yduck64@army.mil,Genderqueer,CH05 5842 1MPA IYWZ SZDW 4,PLN,72.33
222,Merrili,Stiebler,mstiebler65@sitemeter.com,Bigender,PL51 7206 6781 2355 8195 8764 4136,JPY,31.77
223,Fayette,Moyes,fmoyes66@123-reg.co.uk,Female,GT53 U50Y EIB6 FVMR 9XDU EYRY XKUE,CNY,8.52
224,Shawn,Grishmanov,sgrishmanov67@liveinternet.ru,Agender,FR54 0308 2490 58ZL GJKO 5DBK Q42,CNY,6.84
225,Caspar,Pittham,cpittham68@slideshare.net,Male,AD75 5524 6331 40LI KH2V IAMO,CNY,3.45
226,Amery,Guinnane,aguinnane69@printfriendly.com,Genderfluid,RS80 9655 4605 4785 0772 22,CNY,9.53
227,Adolf,Metzel,ametzel6a@washington.edu,Genderfluid,PK89 RVAS I5MN WHGX K0IM QAW0,USD,39.96
228,Edik,Snarie,,Agender,LV16 DCGL K66F TRFO NHIV X,CAD,37.61
229,Agata,Swire,aswire6c@oaic.gov.au,Agender,PL43 3673 1002 6496 9273 8677 7869,IDR,34.4
230,Evered,Mark,emark6d@wp.com,Polygender,TN86 6351 8259 8802 1310 6955,CNY,14.65
231,Marshall,Swinbourne,mswinbourne6e@dot.gov,Agender,FR33 6250 4326 49FW EKDY T4FS T35,ILS,63.94
232,Skipton,Backson,sbackson6f@stumbleupon.com,Female,PK79 ZBUR AH5L 2BV2 MQFK MUY4,CNY,36.23
233,Lillis,Sprason,,Female,LV23 VPEN KVRS XAVT KXZC P,EUR,87.85
234,Eugenia,McElvogue,emcelvogue6h@mac.com,Female,GL20 3783 4439 9876 99,PHP,52.55
235,Ferdinanda,Prendergast,fprendergast6i@gizmodo.com,Genderfluid,IT15 O255 8045 492X DMJH IQXZ K5S,USD,28.74
236,Vick,Bithany,vbithany6j@wp.com,Female,FR25 7647 9187 25QX B4HO H967 N35,IDR,80.44
237,Foss,Matyatin,fmatyatin6k@usgs.gov,Genderfluid,CY55 8442 9704 DA79 BHKO DKZY DINT,CNY,14.71
238,Karina,Ellif,,Genderqueer,BA32 9021 4355 8267 5007,SEK,3.7
239,Lindi,Rylands,lrylands6m@slashdot.org,Polygender,GL60 7160 8224 1240 22,EUR,6.12
240,Florentia,Poad,fpoad6n@smh.com.au,Genderfluid,IT68 A028 5069 504D YS2P FRSV PFB,EUR,75.4
241,Demetris,MacGillavery,dmacgillavery6o@webnode.com,Agender,LI06 3176 5J6Q 2EFL KIMA P,PLN,69.31
242,Paolo,Humerstone,phumerstone6p@rediff.com,Male,GT37 AMOS KHKT 8YVS FKUV PUDM IGNT,IDR,28.65
243,Abigale,Yetts,ayetts6q@nyu.edu,Male,IS27 2802 0141 4240 4230 0599 75,EUR,86.41
244,Renae,Andreutti,randreutti6r@behance.net,Polygender,ES29 6335 5070 3653 8454 1302,EUR,9.11
245,Gabi,Jeandin,gjeandin6s@huffingtonpost.com,Non-binary,FR63 1699 2107 01D9 4TWV NW8U 370,SEK,58.2
246,Katya,Vallens,kvallens6t@addtoany.com,Female,SM18 R138 4777 753G BZS8 1LNW 5OW,CAD,85.15
247,Wadsworth,Greswell,wgreswell6u@dell.com,Bigender,GE50 ZW27 8165 8410 4677 88,BRL,3.87
248,Delora,Grimsdell,dgrimsdell6v@arstechnica.com,Genderfluid,FR44 1942 4712 310D 0TAX XNHL N17,SEK,64.39
249,Donielle,Orehead,dorehead6w@phoca.cz,Non-binary,MD20 KCJO INYA ZNPP 36PX L7EL,XAF,76.27
250,Norry,Germann,ngermann6x@gov.uk,Polygender,HU87 2136 8508 3258 6928 5915 3289,MAD,29.0
251,Maryellen,Cabble,,Female,AE54 3192 8868 1222 5987 547,EUR,53.95
252,Karrie,Scarfe,kscarfe6z@gov.uk,Genderqueer,FR32 5454 5362 16D8 6FDL VAPL J35,IDR,90.81
253,Giffer,Barrell,gbarrell70@redcross.org,Bigender,MC14 8174 9328 13YK E6Z1 HHKM O76,IDR,81.44
254,Debora,Petrus,dpetrus71@china.com.cn,Genderqueer,CH91 0416 9BDX MQZ9 HAZY A,PLN,26.42
255,Jameson,Gatherell,,Male,LB60 6216 OYAJ DUBQ 7ECG 6JR0 L0ER,RUB,54.29
256,Padraic,McCrae,pmccrae73@nsw.gov.au,Female,DK13 6188 7217 9160 85,CNY,32.92
257,Jackquelin,Domsalla,jdomsalla74@ihg.com,Genderqueer,FR78 2373 1179 95CA BREW RFGJ U51,IDR,37.57
258,Rosina,Henrichs,rhenrichs75@aboutads.info,Female,NL64 AEWJ 9821 3823 15,RUB,13.59
259,Meryl,Wolledge,mwolledge76@sourceforge.net,Polygender,RO24 NJZE UQ3M 8HCC K5QW UIR7,PHP,39.8
260,Noemi,Fennell,nfennell77@comcast.net,Male,LU67 887R BKKG QTEC NRA5,EUR,26.03
261,Myrilla,Zecchi,mzecchi78@dot.gov,Bigender,RS19 1672 6109 8095 2647 30,COP,25.37
262,Brooks,Layborn,blayborn79@chron.com,Agender,FR08 3622 6113 41S9 NVLN 19NE I07,PHP,44.88
263,Stanford,Cattrall,,Genderfluid,AD76 1989 7994 YBAP LYGG ZXGT,MRO,43.45
264,Nichole,Nortcliffe,nnortcliffe7b@tuttocitta.it,Genderfluid,FR08 1041 3210 46EA QMNL VYFQ B52,CNY,97.22
265,Gertrudis,Poundsford,gpoundsford7c@hatena.ne.jp,Polygender,AL13 2592 7203 ZQDR IFLK THLZ 4W6Q,PHP,92.74
266,Hetti,Golling,,Female,FR69 9763 3140 94BJ CZQO HA8L O62,KES,12.34
267,Pip,Jasiak,pjasiak7e@utexas.edu,Genderfluid,AT45 4501 4439 2760 2717,BRL,25.5
268,Bab,Ruprich,bruprich7f@vkontakte.ru,Genderqueer,BG87 IJHE 6529 22ZU NRFW WK,PEN,99.8
269,Moreen,Fallanche,mfallanche7g@blogspot.com,Genderfluid,MU08 OYXP 2536 5922 7075 2286 925E KE,HUF,99.07
270,Constanta,Northbridge,cnorthbridge7h@tumblr.com,Female,DO90 CYKB 0295 4217 1189 7044 1663,EUR,23.08
271,Bernadine,Dowbiggin,bdowbiggin7i@economist.com,Bigender,FR48 8307 9852 545E PHYZ ARO5 M40,CNY,87.16
272,Xymenes,Pickburn,xpickburn7j@nsw.gov.au,Polygender,FR46 5145 2734 93O3 YF12 APHW I23,PLN,27.72
273,Jedidiah,Kalderon,jkalderon7k@vimeo.com,Bigender,IL86 2073 4615 7744 1241 641,CRC,30.8
274,Verine,Glasner,vglasner7l@mapy.cz,Male,FR17 2612 7699 18P3 CIDZ Z53A P36,PAB,18.95
275,Free,Tebbs,ftebbs7m@360.cn,Bigender,CY16 8866 9850 36PP NRCE 6LB6 P8XT,CNY,12.75
276,Rosalind,Boniface,rboniface7n@liveinternet.ru,Non-binary,PK37 IQBW F7NJ DJGB VSRJ ESV2,GEL,81.34
277,Torin,Aleksankov,,Female,FR73 7904 0075 14PQ DAAM 1QRI N71,CNY,92.38
278,Daphne,Cornil,dcornil7p@fema.gov,Male,EE31 7151 6290 0179 1367,THB,36.74
279,Jesse,Jeandel,,Bigender,TN91 7542 8666 8470 4457 9309,IDR,76.29
280,Miof mela,Koppe,mkoppe7r@nsw.gov.au,Genderfluid,SA69 59V0 OIUV LALI GCCZ N8DI,HRK,4.86
281,Frasier,Snibson,fsnibson7s@shareasale.com,Genderqueer,AE29 8745 6798 5905 8328 744,PHP,28.53
282,Laurene,Rootes,lrootes7t@time.com,Non-binary,GB34 RSKJ 1809 9347 2434 98,USD,33.16
283,Alikee,Wilding,awilding7u@cyberchimps.com,Agender,AD03 3061 0078 9EXW LWNC 0B12,CNY,15.65
284,Molly,Dahler,mdahler7v@msn.com,Female,GI03 BGHL BBHX Z3CS DZIC RMQ,EUR,80.7
285,Milissent,Carrack,mcarrack7w@facebook.com,Female,FR63 5617 5919 63RA A0LH MFEW Y20,CNY,29.41
286,Valerye,Hew,,Genderfluid,FR31 8037 7099 26YK ILM3 BSWI 746,EUR,61.12
287,Flynn,Matantsev,fmatantsev7y@cloudflare.com,Genderfluid,CY59 7395 7072 UQUD VBNM 0ERZ OZEE,KPW,27.99
288,Vernen,Fidell,vfidell7z@ocn.ne.jp,Genderfluid,MT59 GWOW 6755 0YOM WYHP JNAL ZPGO 2AF,UAH,14.6
289,Sky,Heiden,sheiden80@nsw.gov.au,Polygender,DE68 6301 5420 8610 5112 59,EUR,17.99
290,Junina,Kernoghan,jkernoghan81@oaic.gov.au,Bigender,RS58 9688 8112 1907 7948 83,CZK,80.34
291,Peadar,Olanda,polanda82@statcounter.com,Genderqueer,IS57 0986 4404 2079 7066 8721 20,CNY,58.64
292,Maurine,Backe,mbacke83@xrea.com,Genderqueer,GE23 LJ94 2555 6850 5001 57,BRL,39.03
293,Octavia,Sherwood,osherwood84@google.com.hk,Genderqueer,CR18 0550 5012 0987 3231 7,SEK,11.77
294,Sadella,Candelin,scandelin85@washingtonpost.com,Polygender,PS31 BMIT QYSP LKOZ RCQG W5QL S7IA J,COP,68.25
295,Trenna,Durbin,tdurbin86@technorati.com,Genderfluid,TN35 9323 1993 6693 9458 6941,CNY,51.41
296,Misty,Bartell,mbartell87@e-recht24.de,Genderfluid,CR05 2732 8747 6490 9584 6,CZK,79.01
297,Fran,Bakesef,fbakesef88@bing.com,Genderqueer,TR84 7439 4AFP BDP8 OIKL AZQG 0E,IDR,85.15
298,Ingamar,Fursey,ifursey89@msn.com,Female,MD20 SFTA QRZV M8ZA N5UV FDWP,BRL,0.4
299,Eadmund,Philo,ephilo8a@tumblr.com,Genderfluid,LI48 2725 05CE 4WNG KY6K F,CNY,6.56
300,Candis,Izard,,Female,CZ51 3547 6033 4541 4517 8650,MYR,81.13
301,Tonye,Santostefano.,tsantostefano8c@wired.com,Male,NL94 LILY 6308 9234 93,CNY,86.65
302,Nerissa,McClunaghan,nmcclunaghan8d@deliciousdays.com,Female,PS57 CZEU 6KRK DRNL UG5B FVJA 3M7X W,JPY,46.08
303,Raeann,Flattman,rflattman8e@msu.edu,Female,RO25 LOWX OFNX Q2FK 7A0S CLBY,ALL,67.36
304,Fax,Dreinan,,Agender,FR46 6969 8174 52BY 5IVW 0IVR 341,BRL,25.18
305,Seward,Allans,sallans8g@discuz.net,Agender,SE59 1870 3285 8096 8515 2376,CNY,22.27
306,Lorita,Borsnall,lborsnall8h@chron.com,Female,PL19 2645 8265 0737 2203 8501 2580,RUB,97.95
307,Hoyt,McGuffie,hmcguffie8i@cargocollective.com,Male,MR40 3032 1454 4755 4652 4451 922,PHP,32.31
308,Rodolphe,Oglevie,roglevie8j@house.gov,Bigender,CH04 8648 35H0 LLRI BQWF D,PHP,36.92
309,Patty,Densun,pdensun8k@scientificamerican.com,Bigender,MU68 QQFI 4658 8611 6768 6648 730I GR,SEK,3.89
310,Chloette,Quipp,cquipp8l@google.de,Female,DK77 5387 9777 1895 72,CNY,84.05
311,Eilis,Warrington,ewarrington8m@lulu.com,Female,IE43 GCNF 7723 4154 6737 45,EUR,96.91
312,Cesare,Walby,cwalby8n@squidoo.com,Polygender,FR23 8275 1007 08UT Z3LO MKIA F93,COP,54.64
313,Johanna,Edgecombe,jedgecombe8o@studiopress.com,Male,EE17 0227 6252 5684 7345,BGN,25.19
314,Philippa,Chalker,pchalker8p@sbwire.com,Agender,SA71 58NJ AHV1 AFXI UMFR JPCG,USD,81.41
315,Roxi,Gelling,rgelling8q@diigo.com,Non-binary,NL54 FLYZ 0515 2762 99,IDR,46.67
316,Glenine,Filipic,gfilipic8r@hostgator.com,Agender,GI68 PEKL F3WF RJL0 Z5YA 3LO,MXN,20.61
317,Neall,Lochran,nlochran8s@tamu.edu,Genderqueer,LB51 7550 YPKD 8HLW JRPJ LMNM EO1T,THB,69.18
318,Ailyn,Hawkridge,ahawkridge8t@marriott.com,Non-binary,IS15 4879 3717 7669 8100 9248 50,PHP,64.22
319,Randell,Mully,rmully8u@chicagotribune.com,Female,BA29 4442 7195 2580 8012,PHP,24.28
320,Felicity,Yo,fyo8v@timesonline.co.uk,Genderqueer,FR93 2159 4673 22FH KY5F HOPD N55,RUB,40.83
321,Wildon,Kennett,,Bigender,BH91 FZCO KXJO 6YC6 EMHH OW,ETB,0.57
322,Aurora,Shearme,ashearme8x@scientificamerican.com,Bigender,AD48 3319 0653 6W2O JUDM 6TYF,CNY,84.4
323,Rochester,Claydon,rclaydon8y@cpanel.net,Genderqueer,AT65 4248 2751 9062 0636,IDR,29.82
324,Austina,De Ruggero,aderuggero8z@engadget.com,Genderqueer,GI95 SJVY HBKU TEGC CKJI EW6,CNY,28.77
325,Jennee,Tabrett,jtabrett90@woothemes.com,Non-binary,DO66 AZT9 8114 3059 7310 6066 6809,CZK,17.59
326,Lynde,Saint,lsaint91@github.com,Non-binary,HR61 8348 1882 6914 1957 4,ILS,34.29
327,Lyndel,Kordova,lkordova92@ehow.com,Genderfluid,FR38 2204 5904 35VT 4CON JXE9 913,IDR,80.62
328,Caryl,Guly,cguly93@tripod.com,Polygender,LU89 0097 V1DD N9YQ SDRY,JPY,25.49
329,Susi,Gennerich,sgennerich94@printfriendly.com,Non-binary,AE21 1714 9374 3861 1519 052,BRL,27.24
330,Robenia,Shields,,Female,BA12 3751 3477 6179 7637,PHP,36.09
331,Siward,Edgett,sedgett96@constantcontact.com,Genderqueer,MU82 IZVS 3445 9101 3318 1449 805W QJ,EUR,89.86
332,Milicent,Callway,mcallway97@salon.com,Female,LU51 840N EIH5 WQ6E 3WZJ,IDR,5.59
333,Joey,Blissitt,jblissitt98@timesonline.co.uk,Polygender,FR45 4970 8826 792E 6CKP TSMU K06,EUR,17.39
334,Carena,Nockells,,Polygender,FR19 8832 3262 53HD UKQB RDUQ K48,THB,37.92
335,Emlen,Wofenden,,Bigender,PT32 1428 1057 6061 7943 6384 6,IDR,82.53
336,Malanie,Sunshine,msunshine9b@columbia.edu,Agender,NO25 2569 9057 370,THB,98.11
337,Seumas,Pedri,spedri9c@dropbox.com,Non-binary,AL17 3689 0539 MHCX L7W9 G4SU FDST,COP,56.5
338,Ly,Giottini,lgiottini9d@google.pl,Genderfluid,HU77 8487 8207 2188 8229 5015 1182,CNY,89.41
339,Mathilde,Beeden,mbeeden9e@accuweather.com,Non-binary,HR05 5917 0833 0089 5134 0,EUR,95.44
340,Sargent,Halbeard,shalbeard9f@smugmug.com,Bigender,LB27 6247 JZCE TNMO XSHK YLYK C9DK,IDR,12.75
341,Hulda,Quaife,hquaife9g@cornell.edu,Female,LV70 AHNO TBXR Y6E9 YYQF A,IDR,24.38
342,Stephenie,Levine,slevine9h@qq.com,Agender,VG32 OKOT 9057 8943 3631 4797,CAD,3.3
343,Jean,Ripley,jripley9i@mapy.cz,Bigender,KZ33 630R OMVB JYRC 6PYD,PAB,99.66
344,Lynea,Maynell,,Genderqueer,KW52 ZUXQ TXQY I2L1 O3PG LR6O DVSR GW,EGP,75.75
345,Bronnie,Izard,bizard9k@sohu.com,Non-binary,DO52 S8KF 7091 4493 4899 3787 1424,CAD,37.77
346,Husain,Sherrocks,hsherrocks9l@4shared.com,Polygender,IT42 G913 1267 532S JXHE XLAG U5P,CNY,45.73
347,Venita,Hilhouse,vhilhouse9m@bbc.co.uk,Bigender,FR71 2510 8870 63KN VTFF DKRV 779,UGX,29.22
348,Langston,Callacher,,Agender,MC24 0676 6173 12TR A2S4 R7FX C82,CNY,89.88
349,Moria,Edser,medser9o@redcross.org,Agender,DE79 4064 6811 1977 9397 92,EGP,56.46
350,Ileane,Brydson,ibrydson9p@usatoday.com,Bigender,SK20 4106 5837 4704 6484 4818,MXN,64.27
351,Brittney,Fould,bfould9q@myspace.com,Male,SE28 2392 4228 9060 9124 5725,BYR,92.27
352,Sidoney,Ovens,sovens9r@wordpress.org,Agender,SE57 3747 7838 0619 0791 7136,PHP,72.52
353,Aili,Chidzoy,achidzoy9s@free.fr,Female,PT03 1986 6227 0999 2949 8452 8,EUR,50.68
354,Eduardo,Spratt,espratt9t@amazon.co.uk,Genderqueer,SK20 3819 5748 8281 6356 4548,PYG,23.56
355,Joy,Harler,jharler9u@cloudflare.com,Non-binary,TN36 5571 6173 1109 0550 5176,NOK,37.72
356,Lilith,Parrin,,Non-binary,FO75 5281 4411 7985 36,BRL,91.57
357,Jedediah,Quail,jquail9w@digg.com,Agender,KZ46 778O 7HCB PRJU DDLA,UAH,75.32
358,Clementia,Ovett,covett9x@sciencedirect.com,Female,ES94 2808 0009 3849 0387 4880,RUB,62.38
359,Rafaellle,Dorsey,rdorsey9y@harvard.edu,Bigender,HU31 6368 8625 8549 4327 8236 1349,RUB,47.99
360,Sheilakathryn,Khilkov,skhilkov9z@cyberchimps.com,Genderfluid,AZ02 TPZA OT5O PGKP IT53 9VSU EFBC,EUR,31.16
361,Hymie,Cosslett,hcossletta0@istockphoto.com,Genderqueer,GT06 CXI0 1AW6 HI4G GX8V ETA1 IIFU,CAD,16.34
362,Ermina,Costellow,ecostellowa1@webnode.com,Genderfluid,FR98 2111 8522 53QS 5ISR YICA M04,CNY,89.75
363,Bethina,Cherryman,bcherrymana2@mtv.com,Polygender,FR77 0035 3963 64ET CGTF THAQ I28,EUR,81.2
364,Carrissa,Albro,calbroa3@mac.com,Polygender,GL76 5818 5451 3684 44,JPY,64.06
365,Jodi,D'Elia,jdeliaa4@tiny.cc,Female,FR31 5558 6822 20HT OIOP VLLA N81,PHP,28.44
366,Yorker,Palmar,ypalmara5@miitbeian.gov.cn,Bigender,SI50 7282 0784 9804 905,MKD,20.01
367,Carena,Maskall,cmaskalla6@google.ru,Male,SM42 F461 8818 960K UDX0 WS0C KDN,BRL,31.11
368,Lorrie,Keal,lkeala7@odnoklassniki.ru,Genderfluid,BE98 4469 1508 0589,MXN,3.0
369,Gloriana,Prestwich,gprestwicha8@bloglovin.com,Genderfluid,SI26 4400 9196 4870 143,IDR,44.65
370,Cletus,Ascough,cascougha9@purevolume.com,Genderfluid,PK84 DHYK GVAB MB2M Y4EV DBZ1,ZAR,11.74
371,Costa,Scriver,cscriveraa@narod.ru,Non-binary,SA56 65KE EDJG 4M70 RXIM W31I,IDR,50.77
372,Hanna,Lawman,hlawmanab@myspace.com,Genderqueer,MC05 3550 3590 86TK HROX DGUS A49,IDR,8.09
373,Dacie,Wehden,dwehdenac@skype.com,Genderfluid,SI25 5861 6564 1055 818,AMD,94.99
374,Marta,Rosenshine,mrosenshinead@nature.com,Agender,TN90 2380 4510 9979 2134 9631,IRR,67.88
375,Page,Sabben,psabbenae@ameblo.jp,Male,FR60 4605 4210 95SA IDAZ H8DB T45,ILS,81.46
376,Francyne,Climance,fclimanceaf@tinyurl.com,Genderqueer,BG20 YQPU 8431 262O BVCV ZG,IDR,13.92
377,Becca,Iffe,biffeag@cam.ac.uk,Polygender,PK19 OJPF HO8W JZ2Y I6BC KZQ2,CNY,53.34
378,Norene,Brymner,nbrymnerah@exblog.jp,Bigender,FR22 4055 2454 87JT GQHC WCJ7 U25,BYR,7.59
379,Jamill,Fife,jfifeai@webs.com,Genderfluid,IS60 4132 1331 5454 2129 4307 98,CNY,55.25
380,Diahann,Mc Dermid,dmcdermidaj@huffingtonpost.com,Polygender,FR74 8861 7488 81S7 AVM2 JDP0 I44,THB,83.0
381,Carree,Lean,,Non-binary,FR35 2310 2005 14RI 4CVY T6DG L54,RSD,72.5
382,Hannah,Feechum,hfeechumal@berkeley.edu,Agender,FR19 9448 8285 10KU VKIW JGON Q02,CZK,2.87
383,Homerus,Longfellow,hlongfellowam@blogspot.com,Genderfluid,NO22 8310 5477 920,CNY,60.61
384,Florence,Greenleaf,fgreenleafan@webnode.com,Bigender,IL38 3873 4502 7526 7263 836,RUB,91.02
385,Merrilee,Rozea,mrozeaao@paypal.com,Polygender,NO90 4426 4031 312,PHP,43.41
386,Norene,Rewcastle,nrewcastleap@w3.org,Non-binary,DO48 7VYJ 5021 7425 0950 5327 2014,IDR,2.3
387,Knox,Brownsey,kbrownseyaq@icio.us,Bigender,DE92 4576 5105 6119 8450 91,LKR,13.41
388,Ermin,Kernock,ekernockar@yellowbook.com,Non-binary,FR41 0745 2118 50LF HJAY PUEE Z70,UAH,82.06
389,Burl,Goaley,bgoaleyas@yellowpages.com,Genderfluid,LT81 2850 4419 9506 0657,VEF,35.44
390,Amby,Rubroe,arubroeat@ning.com,Male,FI98 5059 0577 9158 49,BRL,78.79
391,Hertha,Trustie,htrustieau@auda.org.au,Polygender,LT05 0555 2340 1558 9252,CNY,68.0
392,Perkin,Curtois,pcurtoisav@ihg.com,Agender,LU18 6881 L5HT YIM1 VVCL,HNL,92.44
393,Zebedee,Fawkes,zfawkesaw@pen.io,Agender,MU38 MKWL 7688 9417 6423 0130 056N BZ,CRC,23.26
394,Juditha,Secombe,jsecombeax@gmpg.org,Bigender,ES55 9681 2144 2327 0786 6684,VEF,27.34
395,Gabriel,Blaskett,gblaskettay@homestead.com,Polygender,FR38 4852 1917 340J AWCM 25XZ H60,IDR,11.03
396,Ludvig,Brammar,lbrammaraz@nhs.uk,Bigender,AZ13 KYJA GRJ6 XA3Z BMYM 9AOW P6YV,RUB,82.76
397,Cassius,Latch,clatchb0@friendfeed.com,Genderqueer,GE89 AU80 3370 3788 8467 45,CNY,5.23
398,Donnamarie,Shevlane,dshevlaneb1@unc.edu,Bigender,FR16 9736 0032 40NA KGQI 4TM0 E09,CNY,20.99
399,Augustine,O'Gorman,,Male,ES17 2723 7711 4456 6043 0889,CNY,12.25
400,Hillel,Pancost,hpancostb3@cafepress.com,Agender,IE72 QVCK 3399 4434 2169 05,TND,54.66
401,Marika,Mangon,mmangonb4@chron.com,Genderqueer,LV74 CZKL 1JOC RTUZ SEML F,PLN,16.08
402,Coralyn,Beddis,cbeddisb5@rambler.ru,Polygender,VG74 OAPB 8729 3576 3063 3324,CZK,75.29
403,Krisha,Dabnor,kdabnorb6@opensource.org,Genderfluid,GE21 LO79 7767 2877 7360 99,PLN,86.22
404,Mala,Hawket,mhawketb7@facebook.com,Polygender,SI33 5054 1145 6800 151,PLN,21.33
405,Troy,Wattins,twattinsb8@shutterfly.com,Female,FR85 7681 4093 28UN YVYG 4O6P U08,BOB,26.06
406,Tedmund,Corringham,,Bigender,CR63 6262 2852 6904 8028 0,GBP,64.64
407,Sonia,Aglione,saglioneba@addthis.com,Female,FR45 0497 3078 85DR ORZS 5JZI A19,DOP,76.43
408,Arlette,Hunt,ahuntbb@tinyurl.com,Genderqueer,LI66 1702 4MXD HCO3 KBDA X,CNY,56.59
409,Caryl,Stooke,cstookebc@ezinearticles.com,Genderqueer,PT41 4033 1774 4042 2380 2845 8,PHP,20.58
410,Cordi,Farndon,cfarndonbd@intel.com,Polygender,DK27 4162 0248 1198 77,JPY,36.73
411,Horatio,Seifert,hseifertbe@bbc.co.uk,Bigender,GT02 SET4 BQAH VOHE E2SX QS8Y LAVJ,RUB,14.2
412,Catherin,Huncote,chuncotebf@youtu.be,Female,PS36 DTLG JSM2 FECT HPTD BCW4 WURY A,CNY,57.06
413,Christophorus,Betz,cbetzbg@google.it,Bigender,FR16 2410 1880 42ES 8HDI 1X3V J49,PHP,24.09
414,Clarie,McArtan,cmcartanbh@chron.com,Female,BR78 0427 7669 8760 9285 8144 985Q F,ILS,54.07
415,Karon,Beslier,kbeslierbi@xrea.com,Genderfluid,CR13 2976 3461 2373 2207 8,CNY,47.35
416,Dyane,Fealey,dfealeybj@guardian.co.uk,Genderfluid,PK79 WYEZ C4A1 SSNB DB9F UORC,BGN,57.78
417,Horace,Benninger,hbenningerbk@clickbank.net,Female,ES42 3536 9269 9311 3878 9359,CNY,49.97
418,Graham,Downey,,Polygender,FR41 5382 9369 790O QDSN I8JA W84,CAD,92.98
419,Brandon,Mallett,bmallettbm@myspace.com,Non-binary,FR36 5110 3953 56VE GN0V LKRY C83,THB,15.15
420,Britney,FitzGibbon,bfitzgibbonbn@usda.gov,Polygender,BH26 QVEZ WOTI DENQ GGU5 BX,CNY,80.42
421,Denice,Wynter,dwynterbo@php.net,Genderfluid,PT43 8393 4363 6667 6586 5248 0,RUB,68.41
422,Babette,Hierro,bhierrobp@washingtonpost.com,Male,GR20 9120 738O DXFK HY2R Z3VE HIH,IDR,37.72
423,Giovanni,Fifield,gfifieldbq@storify.com,Polygender,PK21 PNPO F1GA BYAG OUR2 NUMZ,IDR,22.14
424,Budd,Miell,,Bigender,IL87 9349 0158 3040 5477 990,BRL,26.84
425,Bea,Pennoni,bpennonibs@google.co.uk,Female,ES36 5287 0523 4876 8458 4380,EUR,65.63
426,Charlean,Greensmith,cgreensmithbt@europa.eu,Polygender,TR59 9236 3REL HMG0 WEVB BZQT RW,CNY,56.79
427,Leyla,MacEveley,lmaceveleybu@yahoo.com,Genderqueer,TR72 8298 1IWS SGPZ OXMK L4BK XQ,ARS,32.03
428,Ginevra,Kirman,gkirmanbv@discovery.com,Female,HR13 7729 9626 3722 8979 1,EUR,60.81
429,Carolina,Carwithan,ccarwithanbw@seesaa.net,Male,LI31 1275 5ITZ AUZY C7RV 6,CNY,85.76
430,Wren,Dolton,wdoltonbx@youtube.com,Genderfluid,FR26 5704 3146 25JV XYGO 59NX R22,HRK,42.39
431,Justinn,Yacob,jyacobby@privacy.gov.au,Bigender,GE51 ZG36 3777 9340 5120 08,THB,12.26
432,Celestyna,Welbrock,cwelbrockbz@smh.com.au,Polygender,BE54 0490 0597 6929,RUB,76.41
433,Cathryn,Meneely,,Bigender,FR19 7013 4880 913N 7K8I X0DN B32,CNY,77.49
434,Hillyer,Wateridge,hwateridgec1@pbs.org,Genderfluid,FR52 3436 8639 47N7 IRC3 R8NV G27,CNY,73.1
435,Vinni,Whitter,vwhitterc2@unicef.org,Polygender,LI47 3988 5ZRG M8NC XHIO 7,SEK,95.6
436,Emeline,Pearcy,epearcyc3@slideshare.net,Genderfluid,LI85 8346 6CFW 5B5R GCX4 I,GHS,52.19
437,Karoline,Howgill,khowgillc4@constantcontact.com,Female,GR72 4485 524P 7DAE CD5U DVCB NOG,SEK,8.15
438,Thacher,Ivasechko,tivasechkoc5@google.pl,Non-binary,PS72 XLAT KO42 JLX3 YRSC WQK4 FKZ2 7,CNY,86.59
439,Nancie,McCallum,,Bigender,BA46 0762 4554 1104 9571,EUR,36.98
440,Martica,Caccavari,mcaccavaric7@newyorker.com,Bigender,PS18 WBWP O5YX FF2H RDXV TTJO B4HV F,SEK,54.24
441,Wendy,Pickthorn,wpickthornc8@csmonitor.com,Non-binary,PT16 4711 5133 3664 3068 5898 8,PLN,52.9
442,Byrann,Dilgarno,bdilgarnoc9@cafepress.com,Agender,PS38 QEIE 96IW 4THZ Z4N0 CPRH 6ZET L,BRL,11.93
443,Rees,Campagne,rcampagneca@ebay.co.uk,Genderqueer,FR92 6409 9913 33UQ ITHJ HKQ7 Z03,COP,80.51
444,Eli,Mylechreest,emylechreestcb@nytimes.com,Non-binary,IE96 HBQQ 9772 5419 2774 25,EUR,72.49
445,Charlena,Croutear,ccroutearcc@digg.com,Non-binary,PK52 FBWA SRYJ Q167 XUJP ZNYD,RUB,75.42
446,Avivah,Theakston,atheakstoncd@netscape.com,Genderfluid,AT69 4548 4947 0493 7514,MXN,46.48
447,Jena,Soares,jsoaresce@newsvine.com,Genderqueer,ES48 5729 9818 3356 0150 1193,BRL,89.59
448,Karim,Bullivant,kbullivantcf@technorati.com,Bigender,GR76 8475 2866 LAYA YNXU QY0E YXM,CNY,40.54
449,Ruddie,Brickham,rbrickhamcg@google.ru,Genderfluid,AD68 5128 8660 SJQ2 EB1A MEGQ,THB,59.38
450,Miranda,Semor,msemorch@delicious.com,Genderfluid,SM18 X974 1101 756P YQJA 6OZP ZVM,EUR,93.02
451,Aland,Schiesterl,aschiesterlci@google.com.au,Genderqueer,ME16 4448 2980 0970 7582 46,RUB,0.97
452,Sephira,Rose,,Genderqueer,BG54 CIPI 4677 89I6 2WCS JO,TJS,27.09
453,Mordecai,Gowthorpe,mgowthorpeck@loc.gov,Genderqueer,MU60 HPDH 2942 6786 4995 3126 535X EF,CNY,62.15
454,Demetre,Warden,dwardencl@ycombinator.com,Female,IL29 9588 3244 9025 5588 137,BRL,32.83
455,Giuditta,O'Keefe,gokeefecm@dmoz.org,Genderqueer,PL58 7898 4687 2682 8957 4473 4972,RSD,26.34
456,Dorise,Emilien,demiliencn@mediafire.com,Male,DK82 8063 0314 8968 29,EUR,89.21
457,Bendite,Bewsey,bbewseyco@google.de,Non-binary,CH56 9451 1FAC H9VC XNF6 E,CNY,6.81
458,Lela,Shingles,lshinglescp@freewebs.com,Genderqueer,ME85 3222 9038 9893 5404 93,IDR,52.56
459,Gordie,Boome,gboomecq@mlb.com,Polygender,BG80 XYLX 3126 31N1 F92B V2,BRL,63.5
460,Jessamine,Caudle,jcaudlecr@lulu.com,Bigender,MR09 6217 1092 2384 9719 9027 188,THB,91.05
461,Stanley,Shoulder,sshouldercs@baidu.com,Genderqueer,RO29 JJAS CDSE YOYB JPV5 RKKY,MKD,47.18
462,Pamelina,Wordley,pwordleyct@washingtonpost.com,Non-binary,PT18 0236 3152 9546 8719 4377 2,XOF,45.61
463,Winny,Medendorp,wmedendorpcu@jugem.jp,Non-binary,FR81 4676 3119 23L6 9H3O ELWE S11,EUR,45.46
464,Lily,Canero,,Male,FR76 8259 7057 68JS ZI0C OCVN T13,PHP,99.4
465,Tomi,Barford,,Genderqueer,BG68 YYPN 8097 42SZ TVQS GU,PAB,52.19
466,Haily,Biswell,hbiswellcx@apple.com,Non-binary,FR96 9388 2921 73AF G4FL FYM5 O79,IDR,1.51
467,Jay,Radbourn,jradbourncy@businessinsider.com,Genderfluid,ME27 8267 5356 2699 2816 63,LTL,38.12
468,Ramonda,Romayne,rromaynecz@constantcontact.com,Genderfluid,GL68 7898 7209 1498 47,CNY,96.34
469,Rosetta,Kleuer,rkleuerd0@comsenz.com,Male,BA78 6726 9489 4097 0177,MNT,2.07
470,Ardys,Maylour,amaylourd1@timesonline.co.uk,Genderqueer,PS58 VYVC PM8N 6ZRZ QXKU 9K4M WHS5 U,EUR,46.86
471,Alphard,Viles,avilesd2@quantcast.com,Female,BE44 7367 5346 6597,EUR,84.6
472,Georgetta,Fratczak,gfratczakd3@independent.co.uk,Male,FR61 0820 0745 21D2 MGUY GJJP I69,RUB,41.37
473,Reese,Stockman,rstockmand4@amazon.co.jp,Female,HR55 3876 0180 4818 1559 5,PHP,45.38
474,Ernesta,Erwin,eerwind5@privacy.gov.au,Non-binary,GL20 6056 5180 4082 72,EUR,83.89
475,Vivianne,Pruckner,vprucknerd6@hibu.com,Female,FR93 0872 2703 92FE ZM4K 2OAL D76,PHP,60.42
476,Trstram,Courvert,tcourvertd7@seesaa.net,Male,TR60 0431 9NIV BUDD CTDN UYY6 AQ,NGN,89.72
477,Aindrea,Nesbitt,anesbittd8@live.com,Genderqueer,MU28 ONXP 1470 3788 2191 1826 120P DD,IDR,49.51
478,Alysia,Searchfield,asearchfieldd9@epa.gov,Genderfluid,MR42 6698 9800 9350 6930 0857 548,CNY,37.69
479,Traci,MacArthur,tmacarthurda@whitehouse.gov,Genderfluid,NO62 8815 7054 452,RUB,41.04
480,Noella,Baudasso,nbaudassodb@wiley.com,Polygender,CY62 9069 2867 A5BT 2ZMG 3AWN GPT9,CNY,71.19
481,Irving,Linn,ilinndc@geocities.jp,Agender,TR67 8529 5N62 SJGP DH55 JSHC 1N,YER,27.75
482,Darci,Redgate,dredgatedd@photobucket.com,Female,MR10 6575 4906 9835 7526 1067 741,EUR,12.88
483,Kathlin,Dymond,kdymondde@techcrunch.com,Non-binary,FR46 3707 5981 47YE H9YO WJ9T 928,RUB,21.91
484,Markos,Wise,mwisedf@bloglovin.com,Genderqueer,KW26 TVZI 2KYY M4A4 9PWG YCG9 SPY9 Y7,EUR,77.5
485,Carver,Bernadot,cbernadotdg@dailymotion.com,Agender,IL91 3843 7940 6450 8877 811,CNY,81.59
486,Porty,Tremouille,ptremouilledh@ebay.co.uk,Non-binary,MR30 5633 7955 6218 9324 2264 100,GBP,72.86
487,Myrtle,Faiers,mfaiersdi@kickstarter.com,Genderqueer,SM23 H869 1927 240K DJYQ ONHA JM3,SDG,82.78
488,Shaylah,Hurtado,shurtadodj@cdbaby.com,Polygender,LV96 MMPK 1FSY H0AA 9KBE 5,MMK,37.49
489,Jemima,Tertre,jtertredk@vimeo.com,Female,PT57 5817 1100 6411 9081 4713 8,CNY,44.81
490,Pernell,Smullin,psmullindl@gnu.org,Genderfluid,MT11 HWVN 6732 46TQ SAF2 E090 C1D0 RTT,RUB,53.68
491,Shadow,Orrah,sorrahdm@ox.ac.uk,Genderqueer,GT14 WE8Q GQWB EKOL 7XEA 5KFK 3XAL,BYR,81.26
492,Renaldo,Streetfield,rstreetfielddn@facebook.com,Female,IT85 A514 6527 781O AAS7 HI4E YAJ,JMD,86.82
493,Davide,Beyer,dbeyerdo@weebly.com,Genderfluid,FR92 5250 5418 60AC Q0CU KXTC P39,IDR,40.58
494,Elnore,Gurrado,egurradodp@diigo.com,Agender,MC50 4979 6113 153J GREX OMJO X83,EUR,93.72
495,Whitney,Ryrie,wryriedq@people.com.cn,Polygender,AE07 0612 8933 0234 4660 721,EUR,77.76
496,Russell,Marke,rmarkedr@google.pl,Non-binary,FR46 7667 4338 95NS FI7I FCOA J98,CAD,95.2
497,Abbey,Waldram,awaldramds@usgs.gov,Genderqueer,BA92 9219 0066 4743 4164,XOF,84.08
498,Meg,Dominka,mdominkadt@umich.edu,Agender,GE32 DD85 0114 1294 5311 02,CNY,18.61
499,Guillema,Lemarie,glemariedu@altervista.org,Genderfluid,MD42 WDGG E8UV ZRMT YXCW BS6Y,EUR,25.71
500,Beitris,Biggar,bbiggardv@forbes.com,Non-binary,TR51 0220 18DJ JOVD MAUN PWQG C9,RUB,29.2
501,Rivkah,Wenden,rwendendw@forbes.com,Bigender,IE04 BLMR 1356 8981 3364 32,BRL,54.8
502,Kaja,Hakeworth,khakeworthdx@dropbox.com,Bigender,RS27 7311 6618 8019 8420 20,XOF,93.32
503,Cindee,Wyvill,cwyvilldy@cisco.com,Male,FR22 4447 0364 53OR CVWD 9FMN Q60,EUR,56.82
504,Tessi,Birtonshaw,,Genderfluid,HU32 5260 5534 4873 1333 6240 6834,THB,85.48
505,Linc,Grigolon,lgrigolone0@businessinsider.com,Male,CH70 0047 3QED R4N3 CYTL G,LTL,27.51
506,Andrey,Laird,alairde1@webeden.co.uk,Female,FO78 1240 0931 4554 89,SEK,24.0
507,Donnie,Raymont,draymonte2@nymag.com,Male,SM71 B149 3490 782D 7Y60 RVDE QVM,IDR,13.9
508,Gillie,Lympenie,glympeniee3@usatoday.com,Bigender,FR44 2608 7320 362G 13SP T1YL M39,EUR,85.27
509,Slade,Tolefree,stolefreee4@umn.edu,Genderqueer,FR94 6077 0972 32ZN 0WJV 38UF N07,CNY,47.26
510,Raffarty,Abthorpe,rabthorpee5@pagesperso-orange.fr,Polygender,IT11 T731 4415 1552 RL0H 1ZGS 3UY,RUB,62.14
511,Theadora,Kettlesing,tkettlesinge6@vimeo.com,Non-binary,EE51 7290 1153 6352 1226,NAD,20.68
512,Niki,Physick,nphysicke7@newyorker.com,Genderfluid,DK90 8809 6391 5299 88,CLP,58.37
513,Rodney,Linay,rlinaye8@google.com.au,Genderfluid,VG68 YRAT 9271 3595 3405 2356,BRL,31.75
514,Arvy,O'Moylan,,Female,NO25 3904 3722 760,BGN,33.63
515,Maure,Ellerker,mellerkerea@admin.ch,Agender,LV17 SPXG PAVT TXZW BLRS 7,BGN,55.73
516,Adara,Parmer,aparmereb@barnesandnoble.com,Agender,NL58 TAVV 9772 3403 38,SEK,9.53
517,Lock,Whitford,lwhitfordec@virginia.edu,Genderqueer,PL46 1099 0813 1211 5449 1286 3466,CNY,8.46
518,Mable,Franz-Schoninger,mfranzschoningered@cbslocal.com,Male,FR52 2493 7058 748H B3U5 DEX4 W90,EUR,91.43
519,Daren,Cuseck,dcuseckee@xrea.com,Male,SK26 6796 9250 2551 7743 7173,ARS,81.71
520,Deane,Dobell,ddobellef@liveinternet.ru,Polygender,FR91 5925 4206 46C0 BLPX 5OR2 C90,CUP,10.04
521,Brittany,Tradewell,btradewelleg@sun.com,Genderqueer,RO93 UMJW L1KC BAVI MMPV Q7ML,THB,54.08
522,Faustine,Loan,floaneh@simplemachines.org,Genderfluid,ES60 7826 9418 6107 6865 1808,CNY,17.38
523,Eduardo,Johansen,ejohansenei@businessweek.com,Genderfluid,IL54 6630 9618 2897 5198 914,JPY,43.63
524,Eadmund,Dalling,edallingej@samsung.com,Polygender,CY95 6250 7527 CWMK GCWH UA1L RIGI,CAD,11.77
525,Kaiser,Keaveney,kkeaveneyek@epa.gov,Male,CZ17 3164 5008 5709 2803 1681,PLN,50.72
526,Corney,Muskett,cmuskettel@cnbc.com,Genderfluid,FR94 0816 6875 1797 0NBO WHOT S13,IDR,3.06
527,Conant,Marquiss,cmarquissem@princeton.edu,Male,LI68 3400 5SIK OXEP ZGCK K,CNY,10.12
528,Merrilee,Attewill,mattewillen@dagondesign.com,Male,PL85 6050 2221 1976 2441 0729 2009,USD,84.45
529,Fowler,Cuddehay,fcuddehayeo@canalblog.com,Genderfluid,FR95 8156 5248 34JA ZI5F QKTI K35,BYR,93.12
530,Iona,Greated,igreatedep@reuters.com,Genderqueer,LB32 0626 DUO1 CZH7 03K5 XNXB NZZP,RUB,67.61
531,Kellby,D'Orsay,kdorsayeq@barnesandnoble.com,Polygender,SE02 1370 4892 8426 2539 2155,VND,82.92
532,Manya,Jedrych,mjedrycher@jugem.jp,Polygender,NO06 6434 3786 902,AMD,17.74
533,Melanie,Meldrum,mmeldrumes@spotify.com,Female,KZ70 435N 6RJ2 OSS8 8USU,IDR,30.72
534,Delinda,Victoria,,Genderfluid,GT32 6XRV QB2H CDKX E0PI VP9V NIUS,CAD,88.32
535,Prudy,Conningham,pconninghameu@wix.com,Female,AT67 4879 6395 0108 1434,XAF,95.33
536,Bing,Bletso,bbletsoev@google.ca,Male,KZ59 392D S4RX FIMG 7YAX,CNY,91.35
537,Ellwood,Habin,ehabinew@princeton.edu,Female,KZ79 543N FWS4 ZUFT GED1,MYR,74.45
538,Fredric,Leng,flengex@ed.gov,Agender,TR69 3244 6II0 FTD2 345Q IN7P AS,EUR,15.33
539,Meredith,Casado,mcasadoey@cbslocal.com,Agender,PL78 0478 2698 9099 4331 6676 8129,CNY,38.56
540,Cary,Wheeldon,cwheeldonez@bloomberg.com,Bigender,CY55 1244 6189 LPJB C05E OCP9 STO6,TZS,33.77
541,Tobiah,Fetherston,tfetherstonf0@guardian.co.uk,Genderqueer,GB35 QEYS 9404 3586 6670 46,CNY,60.7
542,Fin,Laming,flamingf1@webnode.com,Bigender,GR13 7265 964P MVBT CE9O IALT 0LO,UAH,27.62
543,Hadria,Keaveney,hkeaveneyf2@theatlantic.com,Bigender,RS37 0703 7194 7055 3333 58,CNY,95.2
544,Marie,Guillain,,Polygender,PK38 YWIQ JKT0 OURO Z8C8 FV6O,IDR,35.51
545,Ruth,Switsur,rswitsurf4@time.com,Genderqueer,LV31 CXXQ S7XO TYYL MACK A,CZK,84.69
546,Curran,Crosthwaite,ccrosthwaitef5@discovery.com,Non-binary,FR53 4061 5742 87NO 2THH QFPZ C79,IDR,62.97
547,Lovell,Ondricek,londricekf6@phoca.cz,Non-binary,BE75 3559 6557 9387,UAH,93.3
548,Francyne,McNeachtain,fmcneachtainf7@cocolog-nifty.com,Agender,GB28 PSPY 3804 9283 5641 08,EUR,47.28
549,Tobye,Harriott,tharriottf8@merriam-webster.com,Polygender,GB61 ALAI 6854 0184 4517 73,BRL,72.23
550,Danella,Levick,dlevickf9@g.co,Male,FR97 0308 3297 85WW CNK0 YHAC 820,RUB,10.67
551,Griswold,Betteridge,gbetteridgefa@dedecms.com,Male,FI34 7555 2408 7899 77,EUR,37.11
552,Charlean,Lesly,cleslyfb@marriott.com,Genderqueer,VG40 MJVT 7228 4363 1124 4340,BGN,23.6
553,Elvina,Fountian,efountianfc@moonfruit.com,Genderqueer,GT71 BWU5 3SI7 KMGS 6LGI M48O 660I,AZN,42.07
554,Edgar,Prestie,eprestiefd@japanpost.jp,Female,AE80 0528 1671 4166 7418 335,IDR,71.57
555,Obadias,Terbeek,oterbeekfe@sogou.com,Non-binary,MK53 018I KEH2 ZN0C 058,MXN,79.57
556,Henrie,Dencs,hdencsff@census.gov,Agender,FR67 3166 5040 06GP 6CE0 RIK8 V63,IDR,24.78
557,Ingar,Godridge,igodridgefg@wired.com,Agender,NL27 MYCQ 5518 1847 05,UAH,15.12
558,Torie,Barbie,tbarbiefh@state.gov,Female,KZ59 274N ITSI 2QFF H7AS,PHP,82.66
559,Niall,Ubank,nubankfi@rediff.com,Polygender,DE31 0587 7827 1629 2306 58,CNY,60.52
560,Clarice,Budding,cbuddingfj@technorati.com,Non-binary,FR67 3054 9860 88N8 AW7U Y9GM I45,USD,98.92
561,Eugenio,Lavery,elaveryfk@sourceforge.net,Bigender,FR95 3773 5697 596W D6TJ 0PZI I14,EUR,96.02
562,Rickie,Treharne,rtreharnefl@oracle.com,Non-binary,KZ88 166Q YELF 1IFP 89BQ,BOB,44.11
563,Joannes,Brasted,jbrastedfm@deliciousdays.com,Female,FR25 5424 8164 781E DD8C NJ1Y J92,PLN,23.83
564,Suzette,Biaggioli,sbiaggiolifn@un.org,Male,BH08 IXXY 3FTY 8JGX 2E5P FX,CNY,51.71
565,Joellen,Turmell,jturmellfo@simplemachines.org,Polygender,AT26 1901 1368 1824 4271,MXN,9.14
566,Ezequiel,Tuck,etuckfp@engadget.com,Non-binary,SE64 3890 5707 2227 9152 7837,UAH,63.37
567,Alexina,de Clerk,adeclerkfq@dion.ne.jp,Male,ME67 5778 5500 4510 5374 24,CNY,92.22
568,Hally,Guerreau,hguerreaufr@marketwatch.com,Female,FR12 6970 5202 28QF SYCQ SKX0 658,PLN,27.21
569,Emogene,Mingay,emingayfs@noaa.gov,Polygender,IS21 5330 6254 9988 0110 0115 42,MXN,43.87
570,Anabal,Bruggeman,abruggemanft@dagondesign.com,Female,GI35 AJJS LO5W 5TZF DVT2 1L6,AMD,59.7
571,Georgeanne,Hurran,ghurranfu@clickbank.net,Non-binary,LT44 5275 6284 3594 4443,CNY,11.98
572,Lacey,Barbe,lbarbefv@clickbank.net,Genderqueer,SA05 51DW AK7L VBDT OTWV DI1C,RUB,82.24
573,Phillipe,Bezley,pbezleyfw@opera.com,Female,BE84 1966 3962 3794,SEK,13.13
574,Alvera,Sawdy,asawdyfx@businessinsider.com,Male,MR52 9859 8659 4260 7359 8901 732,VND,3.07
575,Eugenie,Tedorenko,etedorenkofy@ihg.com,Polygender,BG90 XSWM 6429 827V ZBPP EK,VND,34.51
576,Araldo,De Lisle,adelislefz@independent.co.uk,Agender,AD51 1051 6579 SRO6 IW83 CU7F,CNY,68.05
577,Kelwin,Gerbl,,Agender,FR70 8064 8770 73TR HW8D YZBO Q97,KZT,69.27
578,Ned,Johantges,njohantgesg1@tuttocitta.it,Male,IL66 1776 8204 6286 6779 453,CNY,6.73
579,Danny,Sunnucks,dsunnucksg2@google.pl,Non-binary,FR21 5095 2153 55XB 1NGG BROM U91,EUR,87.81
580,Dougie,Montel,dmontelg3@amazon.de,Agender,RO79 GFOD KZVP 1R73 IKEV 6LT2,EUR,11.4
581,Jerrold,Gates,jgatesg4@themeforest.net,Genderfluid,TR24 0432 4WI7 NNQL 7BOZ 0TNY ZL,CNY,21.97
582,Nesta,Almak,nalmakg5@liveinternet.ru,Non-binary,VG33 HOWZ 1331 6270 8728 3932,PLN,38.71
583,Angelo,Priddie,apriddieg6@wufoo.com,Female,TN52 8558 0245 4375 5582 1133,IDR,42.2
584,Kristin,Brewett,kbrewettg7@infoseek.co.jp,Agender,IT33 E473 4291 720W 1V3S 58MA UB7,PLN,86.85
585,Andreana,Dowman,adowmang8@indiatimes.com,Polygender,GT26 BDCU YM9Z WZQH AJFN 4YQ8 VU7Z,USD,56.55
586,Zebulon,Schultze,zschultzeg9@twitpic.com,Agender,FR65 6181 6255 94LE Q1RJ OGKX 365,RUB,74.05
587,Kareem,Stoffersen,,Agender,NL02 PNXU 8267 9378 81,USD,68.65
588,Lorette,Jones,ljonesgb@independent.co.uk,Male,CR05 4033 1971 4964 7865 6,CNY,8.56
589,Bearnard,Cleare,bclearegc@usa.gov,Genderfluid,IE44 XNRR 0659 5016 3967 41,CNY,61.87
590,Lianna,Eadie,leadiegd@paginegialle.it,Agender,DE49 4193 7793 1612 9148 26,PLN,84.93
591,Brynne,De Pero,bdeperoge@unicef.org,Genderfluid,LB25 0722 VZKM BNN6 NEAA TCXL IMT3,CNY,3.26
592,Ben,Tomaszek,btomaszekgf@surveymonkey.com,Female,SI80 5863 3821 2374 712,JPY,12.35
593,Carmelle,Brambill,cbrambillgg@usa.gov,Non-binary,LU61 211A QJOT LZIC LY30,PHP,76.46
594,Tabina,Claybourn,tclaybourngh@google.com.au,Genderfluid,BG34 GUAG 6612 61DR O4EU 36,BGN,75.07
595,Bartel,Byas,bbyasgi@blogspot.com,Non-binary,CY30 1967 6259 BS66 LYN0 6E8A XMVO,THB,55.99
596,Barby,Swarbrick,bswarbrickgj@e-recht24.de,Genderqueer,KW13 BAVN T2RS SGUD 7330 GVAD SSNK DU,CNY,39.52
597,Giorgi,Karoly,gkarolygk@tuttocitta.it,Female,GR94 1162 188Z D8YU T3WH AI4G 5XK,BAM,78.59
598,Arron,Camili,acamiligl@nymag.com,Polygender,MR53 8545 0062 4893 8798 5797 956,IDR,57.7
599,Tina,Tomasino,ttomasinogm@wired.com,Non-binary,GL66 1775 6423 8389 56,CNY,36.13
600,Orel,Markovic,omarkovicgn@upenn.edu,Genderqueer,PK69 YFCO D1PK LZXA OAEX QIWD,EUR,32.45
601,Lea,Sheaber,lsheabergo@arstechnica.com,Agender,AT07 9422 8730 1222 7368,EUR,85.83
602,Waldemar,Rowthorne,wrowthornegp@scribd.com,Bigender,FR36 7676 9245 30AM MUGX 4AIW 399,CNY,9.91
603,Melly,Heckner,mhecknergq@phpbb.com,Agender,AL91 0803 3955 C2J5 XCXB YIGR 4JWH,EUR,90.52
604,Daffi,Shortt,dshorttgr@ucoz.ru,Agender,EE70 9805 0718 9615 7199,CNY,3.55
605,Mohammed,Pattillo,mpattillogs@opera.com,Genderfluid,BR78 5944 9921 7950 1448 2042 395H B,BRL,73.68
606,Lita,Fishley,lfishleygt@instagram.com,Genderqueer,TR38 0352 3O9L VVBR USGV HMQE HJ,CNY,4.86
607,Valenka,Kerins,vkerinsgu@blogtalkradio.com,Bigender,BR56 6115 9401 1735 8906 7907 823D 1,MXN,73.17
608,Blinny,Arnoult,barnoultgv@weebly.com,Polygender,MD67 BOPM RE9F PKEH 9AZW VVEJ,PLN,38.67
609,Natalya,Schubert,,Male,NL53 AICI 1008 8478 93,EUR,57.82
610,Marta,Filipiak,mfilipiakgx@cafepress.com,Polygender,FR76 0863 3152 17U5 AUOY 1MAH B74,PLN,8.56
611,Ilaire,Slobom,,Non-binary,FR74 5516 2802 87NT 6WWN P8GC 582,EUR,48.95
612,Clo,Stannas,,Female,FI31 7728 9410 6467 23,CNY,82.15
613,Kiersten,McConigal,kmcconigalh0@simplemachines.org,Non-binary,VG09 ENQR 3452 9598 8781 6389,EUR,14.03
614,Amye,Wyllt,awyllth1@printfriendly.com,Male,GB45 PKTW 6904 7248 3164 85,ALL,83.32
615,Fowler,Westcar,fwestcarh2@jigsy.com,Non-binary,GE68 WJ22 8795 4049 9068 19,CNY,72.33
616,Jacquelin,Kenrick,jkenrickh3@gmpg.org,Bigender,DO13 NLTL 0257 9071 3233 1443 0794,MKD,54.22
617,Babbie,Sprigg,bspriggh4@wsj.com,Genderfluid,FR49 8958 6492 54FF URZM 39W8 S03,USD,21.91
618,Pippa,Gascoyne,pgascoyneh5@whitehouse.gov,Genderfluid,CR97 8392 7149 3634 4857 7,CAD,20.1
619,Tommy,Featherstonhaugh,tfeatherstonhaughh6@toplist.cz,Agender,FI59 6024 5547 3694 83,PEN,4.68
620,Magnum,Vinker,mvinkerh7@ucsd.edu,Non-binary,FR43 7279 3808 21NB 0EOH BUN0 121,IDR,95.69
621,Emlyn,Gietz,egietzh8@sfgate.com,Agender,LU67 724Y NZRQ KEPP 7PVF,USD,9.56
622,Tiff,Dalli,tdallih9@apache.org,Female,DE34 6625 8958 7998 2711 25,CNY,76.15
623,Ferdy,Clack,fclackha@businesswire.com,Genderqueer,FR56 5954 4327 38DK JIIK KCQQ B44,IDR,55.34
624,Melodie,Vautre,mvautrehb@nationalgeographic.com,Female,LT71 2345 1112 6561 0941,CNY,35.68
625,Angus,Drinkwater,adrinkwaterhc@wisc.edu,Genderqueer,DE18 0942 0443 0798 6549 18,IDR,68.31
626,Crissy,Galia,cgaliahd@salon.com,Female,GI28 UGBX OQQQ QX6Z C44A OSF,IDR,0.62
627,Wally,Hymans,whymanshe@oaic.gov.au,Female,FO73 4373 9651 7880 11,ALL,14.29
628,Sharla,Rouf,sroufhf@bloglines.com,Non-binary,GT18 199L 6AQN ERKL QVRI JSTZ 7K6W,EUR,31.68
629,Janette,Treffry,jtreffryhg@a8.net,Polygender,AL51 3523 7338 GIWH J0VL CWFI YQIU,CNY,26.8
630,Clarissa,Bethune,cbethunehh@github.com,Bigender,TR34 3191 8YFG YXB1 HGON 1NBY HT,EUR,7.59
631,Isahella,Pittman,ipittmanhi@sbwire.com,Genderqueer,FR47 7150 0828 16HY MTPF X88T 235,CNY,4.15
632,Humbert,Powis,hpowishj@list-manage.com,Female,MD22 KOI9 TRZE HFH9 B5PO JMWS,NGN,23.18
633,Roobbie,Lynock,rlynockhk@lycos.com,Female,BA64 6714 1794 5806 3372,GEL,30.23
634,Sonja,Wittleton,swittletonhl@spotify.com,Bigender,PL92 4587 6477 2633 3415 5961 7145,EUR,74.76
635,Waverly,Corteis,wcorteishm@youtu.be,Genderfluid,NO77 9961 7917 880,CNY,43.18
636,Concordia,Elcy,celcyhn@trellian.com,Female,FR77 0619 7384 59HM 3FFY QDE1 D86,AZN,39.44
637,Wyatt,Huster,whusterho@mashable.com,Non-binary,SK42 4370 7731 6729 7577 3896,PHP,13.75
638,Fields,Concannon,fconcannonhp@icq.com,Polygender,SK21 7736 5740 8100 6661 9799,ARS,72.42
639,Mordecai,Gavahan,mgavahanhq@buzzfeed.com,Male,RO72 KBIF BNMS PSM7 K4C6 HCPI,RUB,16.25
640,Scott,Francescoccio,sfrancescocciohr@imageshack.us,Non-binary,DK71 0418 8451 0182 04,ARS,45.37
641,Kasey,Farra,kfarrahs@ow.ly,Genderfluid,ES24 7742 3294 4191 7668 4963,EUR,19.65
642,Shina,Creighton,screightonht@google.fr,Non-binary,GE58 KC94 4445 8921 9585 49,CNY,83.11
643,Cesare,Bolino,cbolinohu@twitter.com,Bigender,LU40 638D LHXE D73B JFLA,IDR,70.96
644,Katey,Elmhirst,kelmhirsthv@google.ca,Female,PK23 PWIA M54J HAEK RD7M CFIN,CNY,16.69
645,Kassandra,Ruggles,kruggleshw@netlog.com,Genderfluid,ES39 7701 6325 0324 1157 0628,SEK,80.36
646,Doretta,McIlwrath,dmcilwrathhx@harvard.edu,Genderqueer,FR48 6096 9271 87LX KCAJ TKYW O12,CNY,36.82
647,Blisse,Gyford,bgyfordhy@eepurl.com,Genderfluid,MT77 QYZE 8843 3NVN RUIU R3FT X8CC AES,EUR,93.4
648,Kellsie,Elsegood,kelsegoodhz@hexun.com,Genderqueer,VG15 QEKA 1832 6209 7101 8024,NGN,17.96
649,Rhianon,Cleverly,,Genderqueer,AZ57 SCYX KX1A UNWR I3DM IMRP QJWB,SEK,6.17
650,Way,Wannop,wwannopi1@macromedia.com,Male,SK81 1355 3583 3610 2574 7169,PHP,9.14
651,Shanda,Skamal,sskamali2@cdc.gov,Male,MD21 44RW TXHI ZUYT TR69 Y2WK,CNY,99.8
652,Milt,Litterick,mlittericki3@indiatimes.com,Polygender,LU30 537W IAWY FJ5K YPCA,HNL,62.08
653,Samantha,Zapater,szapateri4@noaa.gov,Bigender,IE78 WTTU 4838 5205 6230 78,USD,46.61
654,Ursuline,Musgrove,umusgrovei5@ucla.edu,Agender,PL34 2398 8598 2117 0090 7611 5777,CNY,47.48
655,Lilas,Horsey,lhorseyi6@photobucket.com,Female,AD94 8454 3407 BLGS YFJT TQVZ,CNY,67.65
656,Elspeth,Hanrahan,ehanrahani7@newyorker.com,Genderfluid,LV36 KJNH D0C5 GLWF POY4 H,LYD,38.22
657,Nickolaus,Aurelius,naureliusi8@topsy.com,Genderfluid,BG15 HURS 5483 96FW JAPQ C7,COP,31.49
658,Carrissa,Watman,cwatmani9@slate.com,Bigender,MU14 RDHR 6691 5231 4453 1941 113O PJ,USD,36.46
659,Thorpe,Wisniowski,twisniowskiia@4shared.com,Male,FR58 6276 8475 64TA LPWH DWOI 967,THB,33.14
660,Jake,Speller,jspellerib@psu.edu,Agender,BG36 IFVY 2689 40AW QHNP BT,THB,50.57
661,Bird,Thompson,bthompsonic@sun.com,Genderqueer,LV64 ILZP 63T3 HLF7 GEVI H,MXN,10.04
662,Dalenna,Prigmore,dprigmoreid@army.mil,Agender,MU50 JDZC 5702 1001 8737 1166 041Y VR,ARS,48.98
663,Travers,Manilo,tmaniloie@vinaora.com,Polygender,AT39 3678 3832 3597 3547,SEK,77.23
664,Juana,Hewins,jhewinsif@ustream.tv,Non-binary,FR86 0191 1198 80V6 WHTN A203 F17,IDR,41.53
665,Spence,Scrinage,,Genderqueer,GE62 HA38 5932 8900 6107 62,LKR,99.02
666,Walsh,Brunetti,wbrunettiih@vkontakte.ru,Non-binary,PT25 8074 3700 4799 7856 7297 1,CNY,68.35
667,Jemie,Kinton,jkintonii@who.int,Bigender,FR50 6660 4698 61S4 NF6Q TJZZ N61,ARS,44.74
668,Candis,Brackpool,cbrackpoolij@photobucket.com,Female,VG83 CYVZ 2721 4660 3030 5874,PEN,94.88
669,Trevor,Proudlock,tproudlockik@yellowpages.com,Genderqueer,GT18 QZQO QRF5 BITZ XGBP 5QNL FF9X,CNY,43.04
670,Onfre,Mayward,omaywardil@twitter.com,Non-binary,VG49 BBEM 0568 2250 0663 3611,PHP,47.88
671,Frederique,Glyn,fglynim@squarespace.com,Polygender,NL77 BCXE 7168 7038 23,MKD,19.84
672,Addia,Sibson,asibsonin@tuttocitta.it,Genderfluid,SI71 0662 4545 2349 541,CNY,57.93
673,Casar,Holme,cholmeio@squidoo.com,Agender,FI61 2169 7798 8737 31,DOP,70.42
674,Nevil,Giabucci,ngiabucciip@moonfruit.com,Genderfluid,LI48 4632 9W3T ANJH F09D L,CNY,70.38
675,Bronny,Thies,bthiesiq@pcworld.com,Agender,CH53 6640 9QLG PF9F WDX8 Z,GTQ,37.33
676,Laurette,Upham,luphamir@squarespace.com,Male,FR43 9122 5122 88A5 MFAC 6PQR 394,EUR,45.65
677,Margaux,Blunn,mblunnis@gnu.org,Male,MR16 6764 5150 1477 0931 3804 655,PLN,40.78
678,Matthiew,Davidou,,Agender,FR09 9260 5157 90NH KY2N 0A7M C96,PLN,31.9
679,Marti,Whetnall,mwhetnalliu@a8.net,Agender,PT36 1428 0456 6370 4890 4624 7,KZT,23.13
680,Teddie,Simondson,tsimondsoniv@imdb.com,Genderfluid,CR45 2806 8720 7458 8289 2,BRL,76.8
681,Peg,Caser,pcaseriw@unicef.org,Non-binary,FR71 1597 9252 92LR J8UY YZVE O94,PHP,4.78
682,Chandal,Shallow,cshallowix@icq.com,Bigender,MT39 BFBO 5024 0ALZ 2Y1T BZSO ASL7 QLG,CNY,74.29
683,Kacie,Hinemoor,khinemooriy@nhs.uk,Non-binary,HU50 7392 7380 0321 2492 0699 5081,PEN,9.39
684,Rancell,Bellfield,rbellfieldiz@marketwatch.com,Male,LT49 4017 7685 7004 7278,EUR,96.44
685,Marena,McVane,mmcvanej0@nationalgeographic.com,Polygender,GI25 UHQX DLHT EXV6 OYHA GAY,SEK,39.71
686,Jada,Andric,jandricj1@sbwire.com,Agender,ES94 8136 2914 9457 7255 4962,IDR,0.12
687,Ida,Le Marquand,ilemarquandj2@newsvine.com,Agender,FR02 7528 1550 71PZ GNIG NFQR K99,CNY,25.22
688,Vanessa,Naulls,vnaullsj3@behance.net,Polygender,DE90 0509 2087 8152 7181 39,BRL,99.28
689,Domini,Jaqueminet,djaqueminetj4@alibaba.com,Agender,NO04 3995 0503 000,EGP,5.65
690,Roderich,Bride,rbridej5@java.com,Bigender,IT24 J406 4930 102G FV5B NTRP 91X,CNY,10.48
691,Christiano,Feldbaum,cfeldbaumj6@infoseek.co.jp,Agender,IS42 8894 5972 2603 0535 2259 50,CNY,31.91
692,Cher,Overel,coverelj7@xrea.com,Agender,EE13 2796 1358 0505 4705,THB,1.83
693,Muffin,Schroeder,mschroederj8@newyorker.com,Polygender,PL24 9347 4952 2792 3129 7426 8409,USD,90.63
694,Mirna,Vahey,mvaheyj9@cyberchimps.com,Female,BH48 LFEO B2BF FCT9 GSFF YR,HTG,63.41
695,Laurette,Gatsby,lgatsbyja@ftc.gov,Male,GL02 6140 5428 3757 65,CUP,36.27
696,Karoline,Hegges,kheggesjb@yahoo.co.jp,Polygender,NO81 8272 5292 536,CNY,78.42
697,Dav,Mochan,dmochanjc@wisc.edu,Genderfluid,FR23 6265 7026 1041 1PPO YE5J N78,IDR,84.44
698,Natasha,Wigmore,nwigmorejd@dion.ne.jp,Non-binary,GR85 5039 358Z Y64D TRTG YIQ7 H2Q,AFN,88.83
699,Kaitlin,Castellan,kcastellanje@prweb.com,Genderfluid,ME60 7962 2578 7942 2529 95,EUR,55.12
700,Boy,Mitskevich,bmitskevichjf@squarespace.com,Polygender,DE05 3393 2951 5596 7376 35,PHP,75.6
701,Ileane,Shailer,ishailerjg@mediafire.com,Genderqueer,FR30 7703 1087 52ZI KN97 XZDQ A85,RUB,2.51
702,Manon,Backler,mbacklerjh@myspace.com,Bigender,MD40 ZZ2L EBEE DDKG LG4G GHK9,ILS,21.88
703,Audrey,McClenaghan,amcclenaghanji@imgur.com,Female,FR28 3433 5044 58XH JGSF N2DC J72,EUR,87.6
704,Annelise,Collaton,acollatonjj@sina.com.cn,Male,BG64 RYRE 3682 96B8 LCPK FK,NGN,41.87
705,Alisha,Argont,aargontjk@home.pl,Non-binary,NL39 YASS 8190 9270 66,RUB,2.55
706,Charlena,Whitefoot,cwhitefootjl@ucoz.ru,Non-binary,RS46 6375 3394 3235 4150 40,HNL,14.67
707,Hans,Ridolfo,hridolfojm@pcworld.com,Genderqueer,FR71 7375 8025 79JE OX8K SPAX Y81,EUR,43.73
708,Kanya,Cecere,kcecerejn@tuttocitta.it,Genderqueer,PK95 ZCFY JZ4U SBCJ QUA7 C6TB,PAB,16.67
709,Dorise,Yellowlees,,Polygender,MU57 OWBR 2985 2720 2004 8695 270S FS,MGA,45.97
710,Giovanni,Janacek,gjanacekjp@nature.com,Genderqueer,AE27 7694 6140 7672 5339 438,AZN,3.82
711,Seana,Waggitt,swaggittjq@reverbnation.com,Non-binary,SI78 9062 1207 5126 559,CNY,38.59
712,Jehanna,Farr,jfarrjr@slate.com,Female,SE68 6011 1645 2768 3163 1852,RUB,75.17
713,Rebeka,Ebhardt,rebhardtjs@aol.com,Agender,GT76 SC8B IHWD EF3J 6EQ6 X6I7 TLRI,CZK,60.48
714,Rosy,Spinage,rspinagejt@ftc.gov,Agender,FR86 6634 8067 18NV EOER ZT3J I84,RUB,24.94
715,Philip,Galbreth,,Genderfluid,FR76 5176 4211 07DJ U8Y1 DWDD T80,UAH,94.54
716,Dan,Artingstall,dartingstalljv@ucoz.com,Agender,HR13 2765 2105 5330 3963 2,HNL,55.48
717,Cassandra,Pilcher,cpilcherjw@slashdot.org,Polygender,HU56 6440 7355 7806 6127 8052 6092,BWP,14.48
718,Betsey,Sibylla,,Non-binary,IL60 5501 0761 6646 4256 252,IDR,95.52
719,Merci,Montford,mmontfordjy@gnu.org,Female,TN23 5778 6807 6545 4700 2742,PHP,6.89
720,Ryun,Swindle,rswindlejz@wikia.com,Non-binary,MC08 5885 5682 47LI L8MN 0IEJ V83,THB,15.2
721,Phyllida,Eads,peadsk0@feedburner.com,Polygender,AD39 7177 3197 RRPH PXQY NCXO,NGN,60.42
722,Tadio,Dragge,tdraggek1@loc.gov,Female,GR38 2688 257V 7HOE KWIK L4TY XD2,IDR,84.2
723,Spenser,Geffen,sgeffenk2@studiopress.com,Bigender,FR96 8914 8887 86C6 6WSW Y4TT A27,SEK,7.59
724,Myrtle,Dwane,mdwanek3@usatoday.com,Polygender,PL24 5667 1634 1285 0021 7427 0389,PHP,41.87
725,Natka,Lyddon,nlyddonk4@wikipedia.org,Genderfluid,HR58 5788 7953 9338 0894 1,SEK,2.15
726,Baily,Windross,bwindrossk5@java.com,Agender,PS36 BVDN PHVE SDIW XS0X CJXW E1DI K,IDR,8.62
727,Esme,Antczak,eantczakk6@imdb.com,Genderfluid,BR91 2614 7050 4849 3951 1688 843W P,CNY,76.81
728,Celene,Norman,cnormank7@blog.com,Agender,LB13 8450 C1T7 EIY5 INFN DEHN LDQP,BDT,83.96
729,Meredith,Westwood,mwestwoodk8@amazon.com,Non-binary,TR34 6775 8IM1 DQ2Q UDEA YAUD VZ,PAB,3.03
730,Shayla,Dowzell,sdowzellk9@howstuffworks.com,Bigender,PL75 3556 5450 3548 4273 5733 5547,EUR,31.76
731,Anthia,Gillise,agilliseka@acquirethisname.com,Agender,MT29 VLOB 1681 0ZDX OLIQ YLSI PIKT ZHI,CZK,93.73
732,Sapphira,Battison,sbattisonkb@discovery.com,Genderqueer,FR44 1128 9557 35U4 HLNP QZLE 691,PEN,78.96
733,Barby,Acres,bacreskc@whitehouse.gov,Male,FR57 1142 6690 73DD ERK9 19ZF G07,IDR,9.07
734,Denni,Middle,dmiddlekd@icq.com,Male,FR86 2038 1779 70BD 1FWD QEEM C10,RUB,14.18
735,Maggi,Versey,mverseyke@reference.com,Genderqueer,LI15 8100 6NL9 PSUI CEVX R,SYP,88.48
736,Christy,Weald,,Male,GR85 6469 764N EK9P KPU9 TIE4 FIJ,SEK,79.98
737,Dom,Pearle,dpearlekg@taobao.com,Agender,FI77 6308 0971 3275 72,CNY,38.04
738,Charla,Bickerstasse,cbickerstassekh@unc.edu,Bigender,LV86 SOBL Z0X7 JDG0 VXB2 I,USD,20.23
739,Kevin,Gertray,kgertrayki@google.de,Agender,PL59 1458 0512 7225 9617 0556 2209,CNY,86.72
740,Biron,Raittie,braittiekj@princeton.edu,Genderfluid,FR08 7933 9946 61OS J5IA DBGR N10,ARS,66.68
741,Lidia,Terrill,lterrillkk@chicagotribune.com,Genderfluid,IE44 GWHI 6928 8113 6753 23,IDR,13.44
742,Claudian,Goozee,cgoozeekl@jalbum.net,Genderfluid,CH27 0342 2Z1M D5T7 NTEJ S,MYR,80.68
743,Jorry,Birtwistle,jbirtwistlekm@princeton.edu,Agender,GE45 QU65 5648 7023 6092 38,PHP,24.72
744,Sarah,Sloam,,Genderqueer,LV02 XHNQ ML3Q PXIP 9RSD K,CAD,21.43
745,Sandor,Rubury,sruburyko@slate.com,Non-binary,LU04 117C X1YX U7LS AS3J,CAD,87.37
746,Tracey,Eckert,teckertkp@reuters.com,Agender,FR81 5860 3491 561Z OHWE EXLO E63,IDR,57.43
747,Christos,De Haven,cdehavenkq@twitpic.com,Bigender,DE96 7432 1401 6105 9171 38,SEK,59.83
748,Cordie,Paolicchi,cpaolicchikr@nydailynews.com,Non-binary,FR34 2086 9222 90Y3 XHYP ODAN 654,IQD,21.88
749,Christabel,Matej,cmatejks@tinyurl.com,Agender,LB23 8415 WBQG M5LB NF5N YI51 RHCK,USD,33.15
750,Jocelin,Bilyard,jbilyardkt@ocn.ne.jp,Bigender,AE70 5786 3451 9387 2142 810,NOK,85.71
751,Weston,Vasyaev,wvasyaevku@hao123.com,Female,FR40 1300 0263 19UY WOPF 8TD9 368,BRL,25.18
752,Isis,Sante,,Non-binary,AZ52 RUBC UXMD AQ3Q FC7F DX2H VKLB,CNY,54.63
753,Elladine,Stendell,estendellkw@hud.gov,Polygender,ES35 4419 0330 4408 9978 9642,TZS,19.7
754,Evanne,Hainge,,Male,BG87 CBMD 7539 56MO PTB2 14,CNY,44.65
755,Ashby,Gottschalk,agottschalkky@google.ru,Female,FR55 2351 9491 5717 WKC0 G8C3 E26,PHP,84.75
756,Kakalina,Levane,klevanekz@yolasite.com,Genderqueer,MR49 1855 9983 7219 7913 1856 865,BRL,59.01
757,Ted,Ilyenko,tilyenkol0@cbslocal.com,Female,PL55 1733 1255 5952 7936 9059 1321,PEN,86.36
758,Feodor,Cuttings,fcuttingsl1@tamu.edu,Male,GR33 1796 791X K2EJ LBEY 0G0A IPI,IDR,11.28
759,Bart,Hadgkiss,bhadgkissl2@elpais.com,Male,AT63 7954 5001 5212 3586,IDR,84.61
760,Annora,Praton,apratonl3@blogtalkradio.com,Genderqueer,MR41 7533 7836 6279 4090 9563 340,RUB,40.81
761,Maighdiln,Stoop,mstoopl4@constantcontact.com,Bigender,MT93 LPFR 3237 1W7M UDUI 37ZO EKFS ATJ,IDR,45.67
762,Cello,Louiset,clouisetl5@indiatimes.com,Female,BA49 5969 0603 4579 7950,IDR,44.44
763,Filberto,Boatman,fboatmanl6@sakura.ne.jp,Male,GR98 4532 234U TCUZ BZD9 6FXQ Y6X,CNY,96.22
764,Garvy,Fotherby,,Male,MT74 PLXD 2337 4OVQ UHGW OQIT KTL1 HFA,EUR,17.2
765,Rachele,Fishbourne,rfishbournel8@state.gov,Agender,KZ82 1318 KY2M Y2AH KQDN,CNY,23.11
766,Salvador,Ivett,sivettl9@msn.com,Female,FI07 0308 0909 1407 67,BYR,23.77
767,Minta,Neubigging,mneubiggingla@usnews.com,Bigender,LB20 4913 BWOG P04D K0N4 JJ8S QWJP,CNY,91.4
768,Merv,Hamill,mhamilllb@amazon.co.jp,Non-binary,ME62 6569 2421 8512 6056 29,UAH,17.41
769,Galven,Redihough,gredihoughlc@answers.com,Male,MK07 559Z EP65 OMFV 918,EUR,12.53
770,Abagail,Crosgrove,acrosgroveld@phoca.cz,Male,FR79 0011 2373 72ZD QJ3Y SLNY S51,ARS,88.5
771,Rozina,Stit,rstitle@youtube.com,Genderfluid,NL50 CAUA 0183 4657 18,CNY,57.61
772,Twyla,Arbuckel,tarbuckellf@google.it,Agender,BG19 JWJN 0828 67ME D9M1 BY,IDR,35.03
773,Trista,Meir,tmeirlg@livejournal.com,Genderfluid,FR34 9053 6660 19PJ 31AY WGYN A24,RUB,55.61
774,Janella,Churches,jchurcheslh@tinyurl.com,Male,FR57 7171 4998 82KG JIDG LAYQ B29,CNY,12.52
775,Bibby,Geck,bgeckli@weebly.com,Bigender,CR11 6651 2022 6845 6429 1,ARS,90.99
776,Nataniel,Banck,,Female,FR60 5895 6418 82KL IKT0 WGV6 T86,IDR,62.91
777,Ronda,Rothchild,rrothchildlk@topsy.com,Non-binary,ME46 9162 3636 2049 7617 40,PEN,75.21
778,Lovell,Simionescu,lsimionescull@yandex.ru,Polygender,EE31 0147 6702 0831 2897,PLN,75.97
779,Goldarina,Tyce,gtycelm@cnn.com,Non-binary,FR19 9752 5592 54OK TH9O SMW2 K66,CNY,24.7
780,Salvatore,Leisk,sleiskln@youtu.be,Non-binary,VG26 UKUR 4719 1091 0783 6494,CNY,14.0
781,Everett,Grubb,egrubblo@zimbio.com,Female,MD14 NBLD TGDV MSAL 2BMM SCCA,EUR,5.67
782,Stacey,Sambeck,ssambecklp@ed.gov,Polygender,SM94 U838 2423 926L ZB5N Z5YA 5ZA,SEK,71.9
783,Chrysa,Zambonini,,Bigender,MK65 859N YTI3 CDS2 U18,RUB,48.7
784,Giralda,Warmington,gwarmingtonlr@imgur.com,Genderfluid,IT78 O708 1970 986E 1BYO CVEA JYF,MAD,77.61
785,Bo,Filyukov,bfilyukovls@ifeng.com,Bigender,FR27 2489 6769 22NY DVA9 RDZW G72,EUR,61.6
786,Micheal,Sieve,msievelt@independent.co.uk,Polygender,LV73 JUAC YOE3 YIIV 8BZD 6,USD,49.83
787,Tanny,Hendrickson,thendricksonlu@army.mil,Genderqueer,SA95 22VA INQI 6DHA 5HQX 05DY,PLN,93.1
788,Regan,Persehouse,rpersehouselv@pinterest.com,Bigender,MK12 543X ZHO4 WCPW L65,CNY,64.88
789,Rolph,McConnell,rmcconnelllw@smh.com.au,Female,GB66 YOKA 8723 9617 7628 93,CNY,54.82
790,Ody,Domotor,odomotorlx@globo.com,Male,IL51 8532 9670 1421 4650 472,EUR,74.37
791,Moises,Rittmeier,mrittmeierly@discovery.com,Non-binary,MC95 2036 8206 31I0 PP4E PX2W P48,RUB,86.65
792,Judye,McVrone,,Non-binary,FR03 9547 4187 19RS XB2S F8TY A61,CZK,18.47
793,Gib,Conklin,gconklinm0@sun.com,Male,FI37 3047 7360 7673 07,PHP,0.35
794,Laurice,Norridge,lnorridgem1@virginia.edu,Genderqueer,NO86 2621 3615 955,JPY,37.57
795,Daisey,Dobbing,ddobbingm2@taobao.com,Male,NL02 WQRE 4242 9863 25,USD,48.71
796,Gerianna,Cheyenne,gcheyennem3@house.gov,Non-binary,LI26 7483 43MM 51BE FSJP 0,CNY,35.13
797,Fabian,Margrie,fmargriem4@apache.org,Genderqueer,AL69 6890 8477 6DDD QSYY WPCS QXFJ,USD,41.58
798,Michaela,Durrand,mdurrandm5@ucla.edu,Male,MU45 WMRW 9413 2308 7648 4836 689I JP,IDR,5.56
799,Frederich,MacCumiskey,fmaccumiskeym6@skype.com,Non-binary,DK59 1166 3666 2681 03,EUR,79.16
800,Shirleen,Lankham,slankhamm7@biblegateway.com,Female,BA46 2171 7203 6117 9332,CNY,24.05
801,Milena,Lanbertoni,mlanbertonim8@nih.gov,Genderqueer,RO35 VAVW YI2G 4JJU FZWM LH6O,VND,57.68
802,Claus,Brideaux,cbrideauxm9@so-net.ne.jp,Genderqueer,BG11 RJZL 4211 02WW OZVL BK,KZT,53.61
803,Yehudit,O'Growgane,yogrowganema@ft.com,Polygender,TN14 9475 7694 1008 2554 4024,PHP,20.09
804,Pauly,Corselles,pcorsellesmb@dot.gov,Male,GI48 LYRA BYPH AIST 7YE7 DOH,VND,74.5
805,Ezekiel,Niessen,eniessenmc@tmall.com,Genderqueer,LV09 YIRE OLMU ZEER HZNI B,EUR,63.23
806,Margi,Bollon,mbollonmd@slashdot.org,Female,EE38 2887 2472 9465 2170,ZWL,49.34
807,Lucian,Ruffle,,Genderfluid,MT02 TJCY 1326 9JOF OYFT IJOW LIBF F2H,CNY,16.21
808,Corry,Longina,clonginamf@wufoo.com,Genderfluid,SA13 092L A7C4 HFCX U75E MYGX,SEK,57.74
809,Giusto,Eat,,Agender,SM88 T300 5623 216H H8J9 0T0F EAE,USD,18.15
810,Ellyn,Gouch,,Polygender,VG89 JNPE 9618 9518 8779 9467,PHP,9.82
811,Shelagh,Zanicchelli,szanicchellimi@tamu.edu,Genderqueer,ME65 9656 5405 7637 5664 32,UYU,13.75
812,Dean,Hadland,dhadlandmj@symantec.com,Polygender,LI13 8556 9RQX WTCZ PJQD D,CNY,25.37
813,Mame,Von Welldun,mvonwelldunmk@discuz.net,Bigender,BE58 7578 9356 1567,EUR,65.52
814,Yul,Rehor,yrehorml@netscape.com,Agender,PK10 QBKC FFZW IU2S JNG0 FKK7,AZN,42.75
815,Almeta,Barthram,abarthrammm@odnoklassniki.ru,Genderfluid,GB60 ETIY 8036 8194 5807 15,PLN,34.14
816,Rahel,O' Quirk,roquirkmn@booking.com,Agender,GB60 HCUP 8361 4399 5084 26,CNY,17.78
817,Alfy,Reichelt,areicheltmo@istockphoto.com,Female,CZ25 9313 6861 1397 4006 7132,CNY,36.62
818,Dante,Haughey,dhaugheymp@sogou.com,Polygender,BH26 ENRI 4LQL X4OF 4I6K PR,CNY,97.15
819,Waldon,Lage,wlagemq@topsy.com,Bigender,PL27 0647 8413 7254 0769 1586 9307,IDR,88.48
820,Karol,MacCaughen,kmaccaughenmr@boston.com,Male,BA36 7210 0925 7159 6830,XAF,5.92
821,Hyacintha,Perrat,hperratms@newsvine.com,Non-binary,DO20 J2KI 7600 2242 5526 4545 3749,EUR,91.53
822,Cathrin,Udden,cuddenmt@statcounter.com,Agender,FR16 7869 2315 61RM 9DMP JRTT A62,CRC,12.59
823,Darelle,Couchman,dcouchmanmu@taobao.com,Non-binary,PL20 5530 6483 8640 8117 8815 9884,HNL,64.46
824,Wendye,Pennick,wpennickmv@reverbnation.com,Non-binary,DE80 7893 5732 9292 8121 02,CNY,7.49
825,Andriette,Spurr,,Non-binary,ME24 3154 5928 6211 2435 17,SEK,93.68
826,Sloane,England,senglandmx@photobucket.com,Male,AT62 8719 6288 2986 1033,CNY,7.63
827,Barb,Guilloneau,bguilloneaumy@delicious.com,Non-binary,CR21 4740 1543 9943 9893 2,EUR,20.88
828,Nate,Giannazzi,ngiannazzimz@networksolutions.com,Polygender,FO88 7625 6233 5057 27,EUR,79.81
829,Tadd,Heinsh,theinshn0@nymag.com,Genderfluid,LU58 8292 RG3X HIUE 0ZW6,CDF,66.8
830,Audrey,Soggee,asoggeen1@creativecommons.org,Female,BG49 QBJM 5779 94BJ 07ON J2,YER,96.91
831,Gill,Smallman,gsmallmann2@youtu.be,Male,LT32 3330 9886 4611 8671,CNY,15.15
832,Jeniffer,Perrott,jperrottn3@edublogs.org,Female,FR29 5764 3344 45AH XZL0 EXII G51,BRL,36.18
833,Tessie,Daykin,tdaykinn4@pbs.org,Non-binary,SE14 2578 1586 9068 8154 9303,GTQ,76.88
834,Siusan,Tremayle,,Non-binary,KZ39 514C P8VM BQBC RYBN,RUB,34.55
835,Dot,Georgeau,dgeorgeaun6@imgur.com,Male,NL48 SMIT 7232 2495 13,BDT,27.35
836,Natalina,Jales,njalesn7@yandex.ru,Genderqueer,PS91 UOIG 6JPV 8R6V HIFY GNWB GT0G N,IDR,62.58
837,Mathew,McLelland,mmclellandn8@google.co.jp,Polygender,CH03 7805 2FOP OSQD YMBO 0,PLN,20.48
838,Maurene,Floyed,mfloyedn9@ibm.com,Non-binary,BG09 SYTO 9218 70WT L8UQ X7,IDR,74.34
839,Nathanael,Kermott,nkermottna@cbslocal.com,Genderqueer,MC33 8582 8386 16XY MZWJ ZGZ3 O75,IDR,99.11
840,Chucho,Sircombe,csircombenb@odnoklassniki.ru,Male,FI34 3494 0011 5242 59,IDR,95.85
841,Darryl,Boar,dboarnc@blogspot.com,Non-binary,MK93 719R NSRJ RDRV 179,IDR,1.69
842,Tamra,Carme,tcarmend@java.com,Genderfluid,PT04 6162 6967 9542 7045 1522 7,ARS,94.13
843,Charlotte,Rubert,crubertne@wordpress.org,Genderqueer,GE89 FJ77 9582 0463 5354 31,COP,31.03
844,Jennica,Aveson,javesonnf@tmall.com,Non-binary,FR07 2138 4228 167O UMEP IKQS T95,CNY,97.9
845,Corby,Denekamp,,Agender,GT78 0MJU ZIOJ UPU7 TKSI 6JKC UIHC,RUB,41.12
846,Buck,Lelande,blelandenh@telegraph.co.uk,Agender,GL88 0526 8933 9142 47,EUR,55.34
847,Margarethe,Wieprecht,mwieprechtni@theatlantic.com,Genderfluid,ES81 2735 1619 3856 7258 5153,PHP,2.06
848,Chaddie,McKissack,,Genderqueer,TN51 6836 5215 8246 8100 6165,PLN,48.09
849,Nonie,Bridat,nbridatnk@chicagotribune.com,Female,RO21 DYXP JC8Z 6ZMK JXGU UFQ9,KRW,53.37
850,Tresa,Sothcott,tsothcottnl@epa.gov,Genderqueer,FR97 3314 1919 17VM RKNN ERHZ R67,CNY,89.18
851,Engracia,Cornilli,,Female,LB61 9627 DFGH BF4K XNCZ 9DFG 4RJZ,EUR,49.02
852,Rafi,Nenci,rnencinn@g.co,Genderqueer,IT77 A069 7649 626V J7PS GZKD JSK,VND,72.67
853,Filmer,Whild,fwhildno@utexas.edu,Female,FO76 4820 1735 1120 24,PLN,10.39
854,Sybille,Ferreres,sferreresnp@nps.gov,Non-binary,SI41 4367 6551 2853 153,CNY,98.84
855,Terri,Lorman,tlormannq@bloglovin.com,Genderfluid,CR34 7478 0187 1404 2543 2,PLN,17.98
856,Di,Ledington,,Genderfluid,AL15 3203 9100 NIQQ CDZX SZN0 LEON,NGN,81.19
857,Lonnie,Meier,lmeierns@webmd.com,Female,GT69 F6PQ EFOU JGQP UUXV COOR B4VY,CNY,68.79
858,Gawain,Orgel,gorgelnt@rambler.ru,Agender,MR88 8255 3022 9796 0100 3895 139,CNY,11.66
859,Joe,Gonin,jgoninnu@lycos.com,Bigender,GI90 FBVZ OB3R DS7Z XJUF FT4,BRL,66.71
860,Felizio,Andreone,,Bigender,MT67 KKZM 2196 68XJ B6PN 0IM8 VRDQ Q5P,PEN,25.15
861,Cassandra,Parvin,cparvinnw@jugem.jp,Genderfluid,BE75 0266 1349 9682,SEK,39.43
862,Alvera,Woolsey,awoolseynx@patch.com,Genderqueer,LT82 9100 0313 8431 0233,CNY,57.39
863,Ruprecht,Clohissy,rclohissyny@privacy.gov.au,Genderfluid,FR71 3123 4047 69UC QOWM XZET U35,NPR,20.93
864,Midge,Dax,mdaxnz@virginia.edu,Male,FR08 8749 9508 022T YFD0 OW5S R62,IDR,7.46
865,Brunhilda,Topley,btopleyo0@independent.co.uk,Polygender,MT89 ETGL 9650 4JE3 QJ9B CGPX JOS2 7YK,THB,17.8
866,Bertie,Prattington,bprattingtono1@salon.com,Polygender,AZ35 UDWH V4BR DRSA GTKM 6BNU S0JR,EUR,4.47
867,Reed,Sprey,rspreyo2@gravatar.com,Bigender,SE28 1024 7327 2468 5857 0366,YER,3.88
868,Kylie,Bartoli,kbartolio3@amazon.com,Agender,PS22 UPRK G4VS NWX2 KDJU X8P1 71MO L,GYD,59.09
869,Shannen,Mazzei,smazzeio4@cnbc.com,Genderfluid,SE96 2367 2681 5972 8181 0770,CNY,83.25
870,Inesita,Carlick,icarlicko5@livejournal.com,Polygender,SK98 0910 4366 8998 7260 5387,PLN,47.14
871,Celisse,Whorlton,cwhorltono6@bing.com,Non-binary,MC05 5646 5078 84EE 1M4H 0J5T S31,SEK,50.93
872,Helga,Goeff,,Polygender,GL68 1344 2437 1752 68,USD,53.3
873,Godfree,Locarno,glocarnoo8@admin.ch,Non-binary,EE81 6905 7180 7573 1977,CNY,75.82
874,Dalston,Cherry,dcherryo9@cbslocal.com,Female,RS02 4935 5160 4833 7913 09,CNY,32.26
875,Teirtza,Basindale,tbasindaleoa@auda.org.au,Non-binary,FR07 6535 1665 21QE SXKD FFM3 X90,LBP,2.52
876,Dorena,Sappell,dsappellob@apple.com,Agender,BE55 8341 1801 0538,PLN,62.93
877,Urbain,Baudino,ubaudinooc@surveymonkey.com,Female,FR05 4984 4848 89CS 5JQ4 JBHR N00,PLN,22.05
878,Marcela,Whitear,mwhitearod@joomla.org,Genderfluid,ES64 2755 6884 7333 4730 2198,IDR,46.87
879,Kenyon,Franckton,kfrancktonoe@artisteer.com,Female,MK68 923Y ZTKE E8SB R22,BRL,54.18
880,Ava,Boik,aboikof@scientificamerican.com,Polygender,SI58 1446 1150 4031 036,RUB,46.41
881,Goldy,Walworth,gwalworthog@amazon.com,Genderqueer,RS96 9636 8549 8528 3834 72,IDR,54.86
882,Mel,Beelby,mbeelbyoh@example.com,Bigender,BE63 8577 2768 0608,PHP,28.84
883,Aura,Manners,amannersoi@archive.org,Non-binary,BE52 5296 2816 2101,CNY,89.76
884,Nydia,Alday,naldayoj@fema.gov,Agender,NO33 2392 2452 368,EUR,17.93
885,Byran,Volcker,bvolckerok@sina.com.cn,Agender,CZ91 3020 9819 9607 3618 7769,CNY,53.42
886,Austen,Prigg,apriggol@fda.gov,Female,SM05 E876 5409 310T 7FRG BCBP Z3I,RUB,83.59
887,Herve,Rustidge,hrustidgeom@marriott.com,Polygender,KW42 MCKW KBLT F8FR 5STZ 988J YKTE LD,AMD,8.34
888,Pauli,Housby,phousbyon@posterous.com,Bigender,CH59 6438 6XZK 8U3B FF0N T,CZK,58.36
889,Ethe,MacAnespie,emacanespieoo@simplemachines.org,Male,PT57 9346 4073 8384 0143 9652 9,RUB,87.55
890,Joelie,Comi,jcomiop@chronoengine.com,Genderfluid,BA64 5653 3191 0746 6556,EUR,53.69
891,Marisa,Tripet,mtripetoq@disqus.com,Non-binary,FR62 1890 5549 297H 162V RXTP M92,IRR,45.09
892,Red,Jakolevitch,rjakolevitchor@statcounter.com,Male,FR21 6530 6336 46DU WORD YHQN 937,CNY,25.6
893,Heinrick,Smooth,hsmoothos@sitemeter.com,Genderqueer,LB90 2868 PSQ9 J9VX UZ2A 4PSI IHTN,JPY,41.25
894,Jammal,Dowe,jdoweot@smh.com.au,Bigender,MC39 3348 0902 08X7 O1IQ BMWR D99,IDR,57.01
895,Kiel,Hamshar,khamsharou@sohu.com,Bigender,FR35 8087 1559 29ON ZYNQ ZDOF N75,VEF,65.92
896,Gerti,Paoletto,gpaolettoov@dagondesign.com,Non-binary,MR77 9783 9192 5929 2863 4794 075,CNY,32.57
897,Caprice,Casserley,ccasserleyow@macromedia.com,Female,TN64 8839 8638 4351 5910 2247,EUR,44.2
898,Livvyy,Norsworthy,lnorsworthyox@list-manage.com,Polygender,MT54 KZFC 3898 71LY 9RVH JRBE 7FRV TPB,PHP,77.89
899,Odelinda,Helstrip,ohelstripoy@buzzfeed.com,Polygender,PT91 1922 7771 9074 6875 0439 5,MDL,23.88
900,Lauri,Benfield,,Female,FR61 0653 8651 826E TG2M CN9H D56,VND,80.43
901,Ker,Whitmarsh,kwhitmarshp0@nhs.uk,Genderfluid,FR43 4872 0616 95EA DXQS Y6WW O91,ILS,43.6
902,Anton,Di Domenico,adidomenicop1@devhub.com,Female,FR96 0404 1094 60BK QVWF HUE2 A93,EUR,99.24
903,Lars,Reeder,lreederp2@google.es,Genderqueer,LT15 0128 7509 4551 5485,CNY,56.17
904,Latia,Costi,lcostip3@rambler.ru,Genderqueer,RS14 5448 8021 4890 2950 92,MAD,34.67
905,Kerianne,de Broke,kdebrokep4@noaa.gov,Male,FR20 4691 2799 33GQ 9QQL D4DT 707,IDR,19.66
906,Federica,McCosh,fmccoshp5@blogs.com,Genderfluid,FR26 0689 3293 995L FWUQ CK58 R63,PHP,49.8
907,Naoma,Stowell,nstowellp6@prnewswire.com,Non-binary,MK32 580M VTQ3 DBND W05,MKD,26.33
908,Dalton,Huggan,dhugganp7@vk.com,Agender,FR79 4966 6976 23DB C1AG XIO5 A38,CNY,37.22
909,Thedric,McCambrois,tmccambroisp8@sohu.com,Bigender,BA73 3602 5638 5035 2504,HRK,72.19
910,Moises,Carp,mcarpp9@google.cn,Male,GL31 0782 6579 2233 64,IDR,34.85
911,Pippy,Freschi,,Female,AE48 3412 3474 8111 0549 002,IDR,92.48
912,Isa,Dosedale,idosedalepb@qq.com,Polygender,BE08 0307 6647 2759,CNY,90.5
913,Archaimbaud,Arens,aarenspc@bravesites.com,Genderqueer,FR73 8140 9779 99T0 WDB0 LGLT N31,SEK,59.82
914,Luciano,Webley,,Agender,FR63 5546 5523 78AX 9DGL QMLA P54,PLN,27.18
915,Wynn,Kilgrove,wkilgrovepe@tinyurl.com,Polygender,IS29 8641 5522 9160 2966 1756 51,ILS,81.45
916,Connor,Maasze,cmaaszepf@army.mil,Agender,FI39 3941 9285 0458 40,EUR,32.26
917,Jere,Wittier,,Male,NL53 GGDE 1747 6506 98,USD,68.88
918,Upton,Warrell,,Non-binary,FR70 3549 6054 23DG ERY8 P8XU 942,CNY,60.3
919,Carolin,Drogan,cdroganpi@reverbnation.com,Bigender,HR69 8704 9130 7033 7442 9,THB,66.7
920,Rafe,Simes,rsimespj@nyu.edu,Non-binary,MC97 8286 0648 84BR XHHL LMHC I97,PHP,76.82
921,Kane,Saphin,ksaphinpk@deliciousdays.com,Non-binary,MC28 5109 6765 87AD TCDH VI9J C47,CNY,89.57
922,Nevil,Danovich,ndanovichpl@yahoo.co.jp,Male,GB07 ZTPC 2642 6836 2979 97,CNY,6.14
923,Josephina,Headey,jheadeypm@google.de,Genderfluid,DO41 LQG5 6770 2055 3689 9914 4374,YER,29.43
924,Mufi,Bessey,mbesseypn@hatena.ne.jp,Agender,ME43 6595 7559 9414 3866 77,RUB,96.9
925,Laural,Stearn,lstearnpo@dedecms.com,Male,IL35 5423 6496 5731 1151 972,VND,66.24
926,Larina,Hughs,lhughspp@scientificamerican.com,Polygender,GE11 NW50 1983 6242 3981 43,PHP,73.16
927,Viki,Bezemer,vbezemerpq@cloudflare.com,Agender,GE20 PU71 0659 6606 5856 25,CVE,9.24
928,Cece,Loton,clotonpr@sphinn.com,Genderfluid,PT52 9731 6744 3208 3393 9932 9,CNY,1.68
929,Ardith,Kelsall,akelsallps@prlog.org,Non-binary,IT31 P801 1035 932K PYIS IIGJ BGD,BRL,62.02
930,Sioux,Wyke,swykept@eventbrite.com,Non-binary,FR21 4207 0225 698Q CU3M QSTF V62,RUB,91.78
931,Ruthe,Renne,rrennepu@cyberchimps.com,Genderqueer,RO27 BBHW AW0P RPI7 AROU 8NZB,CZK,69.49
932,Jerad,Clampe,jclampepv@amazon.com,Male,AT80 5690 2005 8395 1194,HNL,42.36
933,Cymbre,Godin,cgodinpw@theglobeandmail.com,Polygender,KZ53 803Z EBDD DGZX H3NZ,BRL,25.03
934,Cecilla,St. Pierre,cstpierrepx@issuu.com,Genderfluid,BR27 7654 2721 0696 2261 2962 779A W,RUB,23.61
935,Leda,Bowich,lbowichpy@china.com.cn,Agender,GT46 AEG0 UR17 MRB6 4NNE L9UP HZ63,RSD,19.24
936,George,Piechnik,gpiechnikpz@sina.com.cn,Genderqueer,GI45 WBGY JHIX E53C PDLV KKC,LTL,9.89
937,Francois,Hardie,fhardieq0@paginegialle.it,Male,AD70 5655 9193 OXQU AYBY VSWP,PHP,72.47
938,Marabel,MacAndrew,mmacandrewq1@bloglines.com,Bigender,FR12 0677 5457 568A 6EEL FKGM R52,IDR,82.43
939,Lemmie,Carress,,Male,GT47 IUEK 6M8A T2DH G3BW VOHI A5MA,CNY,27.8
940,Devlin,Caunter,dcaunterq3@fda.gov,Genderqueer,PS12 KJLL 1DMO KCKJ E4Q8 AOL4 L3WX H,AUD,20.13
941,Antoine,Goakes,agoakesq4@nhs.uk,Genderfluid,KW24 JQOR 7QUB S2DK 8CVI 1GQE 484D RJ,EUR,97.21
942,Jyoti,McKern,,Non-binary,VG72 ZSBV 0623 5554 2179 6592,UAH,8.07
943,Martyn,Pierce,mpierceq6@posterous.com,Agender,MC61 7172 6791 79B5 GWD9 WO6A B15,USD,44.09
944,Genevieve,Corbet,gcorbetq7@springer.com,Male,LI57 5967 3EEY MMEY DZDP K,CNY,78.7
945,Pavla,Basire,pbasireq8@pen.io,Genderqueer,CH13 5849 0ZMY O1GC LFHM U,TTD,85.4
946,Duke,Peeke,dpeekeq9@thetimes.co.uk,Polygender,LV66 KPCZ 2RRB E64R HIUO V,RUB,29.34
947,Dewie,Rand,drandqa@domainmarket.com,Bigender,HU80 5262 3520 1103 8532 2352 0470,EUR,15.76
948,Nessa,Bedrosian,nbedrosianqb@netlog.com,Non-binary,NO36 3914 4102 236,IDR,69.38
949,Gertie,Deadman,,Non-binary,AZ72 EQIN 2LPN K1AS 4KOO 5IDF Q9CQ,RUB,71.3
950,Elisa,Heinig,,Male,FR60 2613 5612 57K2 NJMZ 60RJ R58,CRC,14.29
951,Pepito,Friday,,Polygender,SI40 2931 1229 0373 641,CNY,91.31
952,Geoffry,Corns,gcornsqf@wix.com,Bigender,SE60 0411 7698 3837 0724 4121,IDR,37.88
953,Ellynn,Laven,elavenqg@thetimes.co.uk,Polygender,LV98 FOGV FNO6 FLIP I2UC H,CNY,52.89
954,Nettie,Lanyon,nlanyonqh@chicagotribune.com,Agender,FO34 0792 3934 8271 53,CNY,14.94
955,Paquito,Fuchs,pfuchsqi@state.tx.us,Male,RO46 PITC VNHS Q9ZI 4FYB 1HJ1,THB,9.04
956,Adrianne,Delaney,,Genderfluid,CZ39 7933 7232 7951 7380 1045,IDR,65.15
957,Antoinette,Targett,atargettqk@oakley.com,Male,RO67 MAMP GRPF WC6H M0WH OAWV,IDR,90.78
958,Missie,Bow,mbowql@odnoklassniki.ru,Non-binary,MK11 036Z XKI4 KNUN G84,IDR,94.49
959,Xylia,Giraudou,,Agender,IE18 PJVK 0259 5579 4283 76,UAH,76.75
960,Felipe,Burrass,fburrassqn@slate.com,Male,HU46 4991 7187 6846 5359 0728 0896,IDR,80.3
961,Mikey,McVee,mmcveeqo@ed.gov,Female,HR43 2389 2608 7516 2983 7,USD,47.98
962,Arlin,Scneider,ascneiderqp@t.co,Bigender,CH59 5815 5LQ9 6RMY EOIP M,EUR,70.98
963,Cob,Winfindine,cwinfindineqq@google.ru,Agender,FR17 5791 3892 89I0 KEBC PRYM E73,EUR,70.76
964,Gerta,Dybbe,gdybbeqr@usda.gov,Male,GB54 WPUN 8698 2939 9407 69,CNY,83.14
965,Symon,Bogays,sbogaysqs@seattletimes.com,Genderqueer,TN78 1513 3387 1508 8312 0684,PHP,3.64
966,Amelina,Rastall,,Agender,DO18 4SJT 3149 9865 4175 7870 1917,IDR,11.46
967,Pincas,Slad,psladqu@fc2.com,Bigender,CR11 0563 1129 1254 9804 5,JPY,42.28
968,Toddie,Kunrad,tkunradqv@cisco.com,Bigender,KW16 FHLC KNCW TX2Z 3ATA EUSX E1WC CD,CNY,4.35
969,Esme,Antoinet,eantoinetqw@reuters.com,Genderqueer,DE76 4784 6896 9631 6142 33,BRL,67.89
970,Farleigh,Harriss,fharrissqx@usda.gov,Genderfluid,FR19 5121 7760 933E 0HWP J7F6 J14,BDT,19.19
971,Queenie,Wieprecht,qwieprechtqy@nydailynews.com,Genderqueer,DO33 XSQ4 7717 8739 7073 3103 5976,COP,59.11
972,Jayme,Scalia,jscaliaqz@imgur.com,Genderqueer,BE65 5729 5153 4834,IDR,86.17
973,Angelita,Edgerley,aedgerleyr0@skype.com,Female,FO73 0932 1612 6215 49,EUR,36.66
974,Alejandra,Waterson,awatersonr1@github.com,Bigender,GT92 KSAD YNLE 48RH RSWJ QEY2 CRSG,BYR,79.98
975,Stormi,Winning,swinningr2@homestead.com,Genderfluid,DE86 9777 2587 4087 8051 19,CNY,44.81
976,Calvin,Bletsoe,cbletsoer3@joomla.org,Agender,MU87 NKWZ 2628 3536 0794 7677 198G XD,SEK,23.48
977,Tabatha,Baruch,,Genderfluid,DK38 4031 1907 9080 36,CAD,66.44
978,Brandea,Tydeman,btydemanr5@princeton.edu,Genderfluid,FR09 5905 0746 27KY I1M4 I6HP C87,THB,10.85
979,Gordan,Drinkhill,gdrinkhillr6@smh.com.au,Bigender,DO95 HK0M 6601 2271 6800 0005 8566,RUB,3.36
980,Dyanne,Findon,dfindonr7@netvibes.com,Polygender,PS02 XHWO LU0L FMZG 28GE RF6T 8KBE Q,EUR,72.4
981,Bennie,Saylor,bsaylorr8@bluehost.com,Female,FR76 5689 0219 85LI USWR AU6Q T33,PHP,22.01
982,Rutherford,Eger,regerr9@altervista.org,Polygender,FR98 1891 9851 03GQ DC4T I4VM U24,JPY,27.7
983,Karee,Klainman,kklainmanra@infoseek.co.jp,Bigender,LI76 7240 4MFC PAPS WSX7 C,NGN,54.79
984,Felicle,Ferens,fferensrb@altervista.org,Genderfluid,RS83 2503 2937 8313 6341 78,CNY,99.77
985,Griffin,Paolicchi,gpaolicchirc@typepad.com,Non-binary,IL25 4169 5360 7793 6765 127,MUR,67.22
986,Shayne,Winham,swinhamrd@cnbc.com,Polygender,SA23 85GC D9ZM J7AE JGQ8 FXPD,ALL,83.29
987,Rab,Songer,rsongerre@imageshack.us,Polygender,FI14 8429 6898 3912 50,IDR,81.29
988,Ladonna,McGeneay,lmcgeneayrf@usda.gov,Female,FR76 1067 4229 20GV 0LB3 4G5S 662,CNY,82.18
989,Red,Stormonth,,Genderfluid,LT95 6184 5378 1412 7255,AMD,11.05
990,Jerad,Annesley,jannesleyrh@tmall.com,Bigender,FR32 1261 3027 13MC AGFU XZVN O54,IDR,14.65
991,Steffie,Feore,sfeoreri@indiatimes.com,Genderqueer,IT55 C067 1748 076Y ROBH YAN5 KLG,BRL,67.77
992,Trudy,Tanman,ttanmanrj@google.com.au,Genderfluid,DK77 0555 8844 9971 56,CNY,47.92
993,Helene,Bartleman,hbartlemanrk@mapy.cz,Female,CZ06 7287 6918 0103 8414 6810,RUB,61.36
994,Archibaldo,Hayler,ahaylerrl@skyrock.com,Non-binary,MD64 SQNY DMMW MSJV LIFE EN0G,JPY,60.56
995,Windy,Muckersie,,Agender,FR98 5289 7674 20FK AMCI WMVO K24,PLN,31.07
996,Cyril,Yerby,cyerbyrn@globo.com,Agender,PT38 1311 5060 6768 6138 5265 5,CNY,7.96
997,Albrecht,Gratrix,agratrixro@reddit.com,Female,FR96 0418 4210 75YQ 90XT HOCX S19,IDR,28.12
998,Leeland,Cobden,,Genderfluid,AT85 8647 8209 9072 1424,UAH,65.79
999,Fields,Monnery,fmonneryrq@unesco.org,Agender,CH35 7528 4YSA NXAZ YTCQ 6,RUB,89.06
1000,Westley,Devin,,Female,IS56 3465 6980 0891 9083 8427 12,JPY,26.6
